"id","name","family","equipCommand","mainHandKinds","offHandKinds","baseResource","baseCost","baseCooldownSeconds","baseWindupSeconds","activationGate","knownLimitations","profileSource","fullRuntimeProfile","positiveResult","negativeResult","cleanupResult","testTime","heldItem","loadoutRevision","correlationRootInstance","evidenceFiles","notes"
"chilling_aura","Chilling Aura","AURA","/rpg equip skill01 chilling_aura","","","MANA","20","3","0","","Connected input, execution, visual/animation and multiplayer QA UNVERIFIED","https://github.com/Graham3D/Hytale/blob/cd7cdbd0299de4bf18740b2cca08756b64b77f69/src/main/resources/rpg/runtime/stage-09-support-cohort-d.json","{""skillId"":""chilling_aura"",""family"":""AURA"",""secondaryFamilies"":[],""allowedMainHandKinds"":[],""requiredOffHandKinds"":[],""resourceType"":""MANA"",""resourceCost"":20,""cooldownSeconds"":3,""windupSeconds"":0,""basePowerSource"":""INNATE"",""innateBasePower"":20,""scaling"":""MAGIC"",""support"":{""kind"":""CHILL_AURA"",""range"":0,""radius"":7,""coefficient"":0.2,""reservationFraction"":0,""toggleLockSeconds"":3,""durationSeconds"":0,""movementIncreased"":0,""upkeepPerSecond"":3,""damageInterval"":1,""chillInterval"":1.5,""element"":""COLD""}}","NOT_RUN","NOT_RUN","NOT_RUN","","","","","",""
"emanatism","Emanatism","AURA","/rpg equip skill01 emanatism","","","NONE","0","2","0","","Connected input, execution, visual/animation and multiplayer QA UNVERIFIED","https://github.com/Graham3D/Hytale/blob/cd7cdbd0299de4bf18740b2cca08756b64b77f69/src/main/resources/rpg/runtime/stage-09-support-cohort-a.json","{""skillId"":""emanatism"",""family"":""AURA"",""allowedMainHandKinds"":[],""resourceType"":""NONE"",""resourceCost"":0,""cooldownSeconds"":2,""basePowerSource"":""NONE"",""innateBasePower"":0,""scaling"":""UTILITY"",""support"":{""kind"":""MANA_REGEN"",""range"":0,""radius"":8,""coefficient"":0.25,""reservationFraction"":0.1,""toggleLockSeconds"":2},""secondaryFamilies"":[],""requiredOffHandKinds"":[],""windupSeconds"":0}","NOT_RUN","NOT_RUN","NOT_RUN","","","","","",""
"managuard","Managuard","AURA","/rpg equip skill01 managuard","","","NONE","0","3","0","","Connected input, execution, visual/animation and multiplayer QA UNVERIFIED","https://github.com/Graham3D/Hytale/blob/cd7cdbd0299de4bf18740b2cca08756b64b77f69/src/main/resources/rpg/runtime/stage-09-support-cohort-a.json","{""skillId"":""managuard"",""family"":""AURA"",""allowedMainHandKinds"":[],""resourceType"":""NONE"",""resourceCost"":0,""cooldownSeconds"":3,""basePowerSource"":""NONE"",""innateBasePower"":0,""scaling"":""UTILITY"",""support"":{""kind"":""MANAGUARD"",""range"":0,""radius"":0,""coefficient"":1,""reservationFraction"":0.5,""toggleLockSeconds"":3},""secondaryFamilies"":[],""requiredOffHandKinds"":[],""windupSeconds"":0}","NOT_RUN","NOT_RUN","NOT_RUN","","","","","",""
"pedanticism","Pedanticism","AURA","/rpg equip skill01 pedanticism","","","NONE","0","3","0","","Native enemy cooldown-progress adapter unavailable; RPG authority only | Connected input, execution, visual/animation and multiplayer QA UNVERIFIED","https://github.com/Graham3D/Hytale/blob/cd7cdbd0299de4bf18740b2cca08756b64b77f69/src/main/resources/rpg/runtime/stage-09-support-cohort-d.json","{""skillId"":""pedanticism"",""family"":""AURA"",""secondaryFamilies"":[],""allowedMainHandKinds"":[],""requiredOffHandKinds"":[],""resourceType"":""NONE"",""resourceCost"":0,""cooldownSeconds"":3,""windupSeconds"":0,""basePowerSource"":""NONE"",""innateBasePower"":0,""scaling"":""UTILITY"",""support"":{""kind"":""COOLDOWN_AURA"",""range"":0,""radius"":8,""coefficient"":0.15,""reservationFraction"":0.2,""toggleLockSeconds"":3,""durationSeconds"":0,""movementIncreased"":0,""upkeepPerSecond"":0,""damageInterval"":0,""chillInterval"":0,""element"":""HOLY""}}","NOT_RUN","NOT_RUN","NOT_RUN","","","","","",""
"reaping_storm","Reaping Storm","AURA","/rpg equip skill01 reaping_storm","STAFF;SPELLBOOK","","MANA","40","35","0","","Connected input, execution, visual/animation and multiplayer QA UNVERIFIED","https://github.com/Graham3D/Hytale/blob/cd7cdbd0299de4bf18740b2cca08756b64b77f69/src/main/resources/rpg/runtime/stage-09-support-cohort-d.json","{""skillId"":""reaping_storm"",""family"":""AURA"",""secondaryFamilies"":[],""allowedMainHandKinds"":[""STAFF"",""SPELLBOOK""],""requiredOffHandKinds"":[],""resourceType"":""MANA"",""resourceCost"":40,""cooldownSeconds"":35,""windupSeconds"":0,""basePowerSource"":""MAGIC_WEAPON"",""innateBasePower"":0,""scaling"":""MAGIC"",""support"":{""kind"":""DAMAGE_AURA"",""range"":0,""radius"":8,""coefficient"":0.7,""reservationFraction"":0,""toggleLockSeconds"":0,""durationSeconds"":8,""movementIncreased"":0,""upkeepPerSecond"":4,""damageInterval"":1,""chillInterval"":0,""element"":""NECROTIC""}}","NOT_RUN","NOT_RUN","NOT_RUN","","","","","",""
"thorns_aura","Thorns Aura","AURA","/rpg equip skill01 thorns_aura","STAFF;SPELLBOOK","","MANA","18","2","0","","Connected input, execution, visual/animation and multiplayer QA UNVERIFIED","https://github.com/Graham3D/Hytale/blob/cd7cdbd0299de4bf18740b2cca08756b64b77f69/src/main/resources/rpg/runtime/stage-09-support-cohort-d.json","{""skillId"":""thorns_aura"",""family"":""AURA"",""secondaryFamilies"":[],""allowedMainHandKinds"":[""STAFF"",""SPELLBOOK""],""requiredOffHandKinds"":[],""resourceType"":""MANA"",""resourceCost"":18,""cooldownSeconds"":2,""windupSeconds"":0,""basePowerSource"":""NONE"",""innateBasePower"":0,""scaling"":""UTILITY"",""support"":{""kind"":""THORNS"",""range"":0,""radius"":6,""coefficient"":0.2,""reservationFraction"":0,""toggleLockSeconds"":2,""durationSeconds"":0,""movementIncreased"":0,""upkeepPerSecond"":2,""damageInterval"":0,""chillInterval"":0,""element"":""PHYSICAL""}}","NOT_RUN","NOT_RUN","NOT_RUN","","","","","",""
"spirit_shield","Spirit Shield","BARRIER","/rpg equip skill01 spirit_shield","STAFF;SPELLBOOK","","MANA","18","14","0","","Connected input, execution, visual/animation and multiplayer QA UNVERIFIED","https://github.com/Graham3D/Hytale/blob/cd7cdbd0299de4bf18740b2cca08756b64b77f69/src/main/resources/rpg/runtime/stage-09-support-cohort-c.json","{""skillId"":""spirit_shield"",""family"":""BARRIER"",""allowedMainHandKinds"":[""STAFF"",""SPELLBOOK""],""requiredOffHandKinds"":[],""secondaryFamilies"":[],""resourceType"":""MANA"",""resourceCost"":18,""cooldownSeconds"":14,""windupSeconds"":0,""basePowerSource"":""NONE"",""innateBasePower"":0,""scaling"":""UTILITY"",""support"":{""kind"":""SHIELD"",""range"":18,""radius"":0,""coefficient"":1.5,""reservationFraction"":0,""toggleLockSeconds"":0,""durationSeconds"":8,""movementIncreased"":0}}","NOT_RUN","NOT_RUN","NOT_RUN","","","","","",""
"life_drain","Life Drain","BEAM","/rpg equip skill01 life_drain","STAFF;WAND","","NONE","0","8","0","","Connected input, execution, visual/animation and multiplayer QA UNVERIFIED","https://github.com/Graham3D/Hytale/blob/cd7cdbd0299de4bf18740b2cca08756b64b77f69/src/main/resources/rpg/runtime/stage-08-connections-cohort-b.json","{""skillId"":""life_drain"",""family"":""BEAM"",""secondaryFamilies"":[],""allowedMainHandKinds"":[""STAFF"",""WAND""],""requiredOffHandKinds"":[],""resourceType"":""NONE"",""resourceCost"":0,""cooldownSeconds"":8,""windupSeconds"":0,""basePowerSource"":""MAGIC_WEAPON"",""scaling"":""MAGIC"",""connection"":{""kind"":""DRAIN"",""range"":18,""width"":0.02,""height"":0.02,""depth"":0,""speed"":0,""lifetimeSeconds"":5,""intervalSeconds"":0.25,""coefficient"":0.55,""upkeepPerSecond"":5,""radius"":0,""originHeight"":1.35,""element"":""NECROTIC"",""details"":{""jumpRadius"":0,""jumpCoefficients"":[],""bladeCount"":0,""degreesPerSecond"":0,""contactCooldown"":0,""healFraction"":0.6,""status"":"""",""statusSeconds"":0}}}","NOT_RUN","NOT_RUN","NOT_RUN","","","","","",""
"void_beam","Void Beam","BEAM","/rpg equip skill01 void_beam","STAFF;WAND","","NONE","0","2","0","","Connected input, execution, visual/animation and multiplayer QA UNVERIFIED","https://github.com/Graham3D/Hytale/blob/cd7cdbd0299de4bf18740b2cca08756b64b77f69/src/main/resources/rpg/runtime/stage-08-connections-cohort-a.json","{""skillId"":""void_beam"",""family"":""BEAM"",""secondaryFamilies"":[],""allowedMainHandKinds"":[""STAFF"",""WAND""],""requiredOffHandKinds"":[],""resourceType"":""NONE"",""resourceCost"":0,""cooldownSeconds"":2,""windupSeconds"":0,""basePowerSource"":""MAGIC_WEAPON"",""scaling"":""MAGIC"",""connection"":{""kind"":""BEAM"",""range"":22,""width"":0.8,""height"":0.8,""depth"":0,""speed"":0,""lifetimeSeconds"":5,""intervalSeconds"":0.25,""coefficient"":0.45,""upkeepPerSecond"":4,""radius"":0,""originHeight"":1.35,""element"":""VOID""}}","NOT_RUN","NOT_RUN","NOT_RUN","","","","","",""
"avalanche","Avalanche","BOMBARDMENT","/rpg equip skill01 avalanche","STAFF;SPELLBOOK","","MANA","45","36","0","","Connected input, execution, visual/animation and multiplayer QA UNVERIFIED","https://github.com/Graham3D/Hytale/blob/cd7cdbd0299de4bf18740b2cca08756b64b77f69/src/main/resources/rpg/runtime/stage-06-area-cohort-c.json","{""skillId"":""avalanche"",""family"":""BOMBARDMENT"",""secondaryFamilies"":[""GROUND_ZONE""],""allowedMainHandKinds"":[""STAFF"",""SPELLBOOK""],""requiredOffHandKinds"":[],""resourceType"":""MANA"",""resourceCost"":45,""cooldownSeconds"":36,""windupSeconds"":0,""basePowerSource"":""MAGIC_WEAPON"",""scaling"":""MAGIC"",""area"":{""geometry"":""DISC"",""height"":3,""status"":"""",""candidateBudget"":256,""radius"":8,""placementRange"":28,""lifetimeSeconds"":6,""intervalSeconds"":1,""impactCount"":6,""firstImpactSeconds"":0.5,""impactRadius"":2.5,""warningSeconds"":0.25,""stratified"":true,""perTargetHitCap"":3,""coefficient"":0.7,""alternatingIceStone"":true,""statusSeconds"":0.5,""element"":""COLD""}}","NOT_RUN","NOT_RUN","NOT_RUN","","","","","",""
"void_cataclysm","Void Cataclysm","BOMBARDMENT","/rpg equip skill01 void_cataclysm","STAFF;SPELLBOOK","","MANA","65","60","1.25","","Connected input, execution, visual/animation and multiplayer QA UNVERIFIED","https://github.com/Graham3D/Hytale/blob/cd7cdbd0299de4bf18740b2cca08756b64b77f69/src/main/resources/rpg/runtime/stage-06-area-cohort-c.json","{""skillId"":""void_cataclysm"",""family"":""BOMBARDMENT"",""secondaryFamilies"":[""GROUND_ZONE""],""allowedMainHandKinds"":[""STAFF"",""SPELLBOOK""],""requiredOffHandKinds"":[],""resourceType"":""MANA"",""resourceCost"":65,""cooldownSeconds"":60,""windupSeconds"":1.25,""basePowerSource"":""MAGIC_WEAPON"",""scaling"":""MAGIC"",""area"":{""geometry"":""DISC"",""height"":3,""status"":"""",""candidateBudget"":256,""radius"":10,""placementRange"":35,""lifetimeSeconds"":8,""intervalSeconds"":1,""impactCount"":8,""impactRadius"":2.5,""stratified"":true,""perTargetHitCap"":5,""coefficient"":0.85,""finalCoefficient"":2,""finalPull"":3,""visualCoreRadius"":4,""element"":""VOID""}}","NOT_RUN","NOT_RUN","NOT_RUN","","","","","",""
"flame_weapon","Flame Weapon","BUFF","/rpg equip skill01 flame_weapon","SWORD;LONGSWORD;MACE;BATTLEAXE;SPEAR;DAGGER","","MANA","15","12","0","","Native basic-hit application is not integrated; supported RPG hit path only | Connected input, execution, visual/animation and multiplayer QA UNVERIFIED","https://github.com/Graham3D/Hytale/blob/cd7cdbd0299de4bf18740b2cca08756b64b77f69/src/main/resources/rpg/runtime/stage-09-support-cohort-c.json","{""skillId"":""flame_weapon"",""family"":""BUFF"",""allowedMainHandKinds"":[""SWORD"",""LONGSWORD"",""MACE"",""BATTLEAXE"",""SPEAR"",""DAGGER""],""requiredOffHandKinds"":[],""secondaryFamilies"":[],""resourceType"":""MANA"",""resourceCost"":15,""cooldownSeconds"":12,""windupSeconds"":0,""basePowerSource"":""MAGIC_WEAPON"",""innateBasePower"":0,""scaling"":""MAGIC"",""support"":{""kind"":""IMBUE"",""range"":0,""radius"":0,""coefficient"":0.3,""reservationFraction"":0,""toggleLockSeconds"":0,""durationSeconds"":12,""movementIncreased"":0}}","NOT_RUN","NOT_RUN","NOT_RUN","","","","","",""
"frenzy","Frenzy","BUFF","/rpg equip skill01 frenzy","SWORD;DAGGER;BATTLEAXE","","STAMINA","12","10","0","NATIVE_PER_ACTOR_BASIC_ATTACK_CADENCE_UNVERIFIED","NATIVE_PER_ACTOR_BASIC_ATTACK_CADENCE_UNVERIFIED | Connected input, execution, visual/animation and multiplayer QA UNVERIFIED","https://github.com/Graham3D/Hytale/blob/cd7cdbd0299de4bf18740b2cca08756b64b77f69/src/main/resources/rpg/runtime/stage-13-stance-cohort-f.json","{""skillId"":""frenzy"",""family"":""BUFF"",""secondaryFamilies"":[""STANCE""],""allowedMainHandKinds"":[""SWORD"",""DAGGER"",""BATTLEAXE""],""requiredOffHandKinds"":[],""resourceType"":""STAMINA"",""resourceCost"":12,""cooldownSeconds"":10,""windupSeconds"":0,""basePowerSource"":""NONE"",""innateBasePower"":0,""scaling"":""LIGHT"",""nativeStance"":{""maximumStacks"":5,""attackSpeedPerStack"":0.04,""inactivitySeconds"":3,""staminaPerSecond"":2,""cooldownOnEnd"":true}}","NOT_RUN","NOT_RUN","NOT_RUN","","","","","",""
"battle_cry","Battle Cry","BURST","/rpg equip skill01 battle_cry","","","STAMINA","10","14","0","","Connected input, execution, visual/animation and multiplayer QA UNVERIFIED","https://github.com/Graham3D/Hytale/blob/cd7cdbd0299de4bf18740b2cca08756b64b77f69/src/main/resources/rpg/runtime/stage-09-support-cohort-b.json","{""skillId"":""battle_cry"",""family"":""BURST"",""allowedMainHandKinds"":[],""requiredOffHandKinds"":[],""secondaryFamilies"":[],""resourceType"":""STAMINA"",""resourceCost"":10,""cooldownSeconds"":14,""windupSeconds"":0,""basePowerSource"":""NONE"",""innateBasePower"":0,""scaling"":""UTILITY"",""support"":{""kind"":""RALLY"",""range"":0,""radius"":6,""coefficient"":0.1,""reservationFraction"":0,""toggleLockSeconds"":0,""durationSeconds"":8,""movementIncreased"":0.1}}","NOT_RUN","NOT_RUN","NOT_RUN","","","","","",""
"frost_nova","Frost Nova","BURST","/rpg equip skill01 frost_nova","STAFF;SPELLBOOK","","MANA","18","10","0","","Connected input, execution, visual/animation and multiplayer QA UNVERIFIED","https://github.com/Graham3D/Hytale/blob/cd7cdbd0299de4bf18740b2cca08756b64b77f69/src/main/resources/rpg/runtime/stage-06-area-cohort-a.json","{""skillId"":""frost_nova"",""family"":""BURST"",""secondaryFamilies"":[],""allowedMainHandKinds"":[""STAFF"",""SPELLBOOK""],""requiredOffHandKinds"":[],""resourceType"":""MANA"",""resourceCost"":18,""cooldownSeconds"":10,""windupSeconds"":0,""basePowerSource"":""MAGIC_WEAPON"",""scaling"":""MAGIC"",""area"":{""geometry"":""DISC"",""radius"":5.5,""height"":3,""impactCount"":1,""perTargetHitCap"":1,""coefficient"":1.1,""chillStacks"":2,""element"":""COLD"",""status"":""CHILL"",""candidateBudget"":64}}","NOT_RUN","NOT_RUN","NOT_RUN","","","","","",""
"ground_slam","Ground Slam","BURST","/rpg equip skill01 ground_slam","MACE;BATTLEAXE","","STAMINA","18","9","0","","Connected input, execution, visual/animation and multiplayer QA UNVERIFIED","https://github.com/Graham3D/Hytale/blob/cd7cdbd0299de4bf18740b2cca08756b64b77f69/src/main/resources/rpg/runtime/stage-06-area-cohort-a.json","{""skillId"":""ground_slam"",""family"":""BURST"",""secondaryFamilies"":[""STRIKE""],""allowedMainHandKinds"":[""MACE"",""BATTLEAXE""],""requiredOffHandKinds"":[],""resourceType"":""STAMINA"",""resourceCost"":18,""cooldownSeconds"":9,""windupSeconds"":0,""basePowerSource"":""WEAPON"",""scaling"":""HEAVY"",""area"":{""geometry"":""DISC"",""radius"":5,""height"":3,""impactCount"":1,""perTargetHitCap"":1,""coefficient"":1.55,""edgeFalloff"":0.3,""displacement"":2,""element"":""EARTH"",""status"":"""",""candidateBudget"":64}}","NOT_RUN","NOT_RUN","NOT_RUN","","","","","",""
"pack_howl","Pack Howl","BURST","/rpg equip skill01 pack_howl","","","STAMINA","8","16","0","","Connected input, execution, visual/animation and multiplayer QA UNVERIFIED","https://github.com/Graham3D/Hytale/blob/cd7cdbd0299de4bf18740b2cca08756b64b77f69/src/main/resources/rpg/runtime/stage-09-support-cohort-c.json","{""skillId"":""pack_howl"",""family"":""BURST"",""allowedMainHandKinds"":[],""requiredOffHandKinds"":[],""secondaryFamilies"":[],""resourceType"":""STAMINA"",""resourceCost"":8,""cooldownSeconds"":16,""windupSeconds"":0,""basePowerSource"":""NONE"",""innateBasePower"":0,""scaling"":""UTILITY"",""support"":{""kind"":""HOWL"",""range"":0,""radius"":7,""coefficient"":0.08,""reservationFraction"":0,""toggleLockSeconds"":0,""durationSeconds"":10,""movementIncreased"":0.12}}","NOT_RUN","NOT_RUN","NOT_RUN","","","","","",""
"cold_wave","Cold Wave","CONE","/rpg equip skill01 cold_wave","STAFF;WAND","","MANA","16","9","0","","Connected input, execution, visual/animation and multiplayer QA UNVERIFIED","https://github.com/Graham3D/Hytale/blob/cd7cdbd0299de4bf18740b2cca08756b64b77f69/src/main/resources/rpg/runtime/stage-06-area-cohort-b.json","{""secondaryFamilies"":[],""allowedMainHandKinds"":[""STAFF"",""WAND""],""requiredOffHandKinds"":[],""resourceType"":""MANA"",""windupSeconds"":0,""basePowerSource"":""MAGIC_WEAPON"",""scaling"":""MAGIC"",""skillId"":""cold_wave"",""family"":""CONE"",""resourceCost"":16,""cooldownSeconds"":9,""area"":{""geometry"":""SECTOR"",""radius"":12,""angleDegrees"":70,""height"":2.5,""impactCount"":1,""perTargetHitCap"":1,""coefficient"":1.25,""innerRadius"":6,""chillStacks"":2,""innerChillStacks"":3,""element"":""COLD"",""status"":""CHILL"",""candidateBudget"":64}}","NOT_RUN","NOT_RUN","NOT_RUN","","","","","",""
"venom_spray","Venom Spray","CONE","/rpg equip skill01 venom_spray","","","STAMINA","12","7","0","","Connected input, execution, visual/animation and multiplayer QA UNVERIFIED","https://github.com/Graham3D/Hytale/blob/cd7cdbd0299de4bf18740b2cca08756b64b77f69/src/main/resources/rpg/runtime/stage-06-area-cohort-b.json","{""secondaryFamilies"":[],""allowedMainHandKinds"":[],""requiredOffHandKinds"":[],""resourceType"":""STAMINA"",""windupSeconds"":0,""basePowerSource"":""INNATE"",""scaling"":""LIGHT"",""skillId"":""venom_spray"",""family"":""CONE"",""resourceCost"":12,""cooldownSeconds"":7,""innateBasePower"":20,""area"":{""geometry"":""SECTOR"",""radius"":8,""angleDegrees"":65,""height"":2.5,""impactCount"":1,""perTargetHitCap"":1,""coefficient"":0.9,""element"":""POISON"",""status"":""POISON"",""statusSeconds"":7,""candidateBudget"":64}}","NOT_RUN","NOT_RUN","NOT_RUN","","","","","",""
"corpse_burst","Corpse Burst","CORPSE","/rpg equip skill01 corpse_burst","SPELLBOOK","","MANA","18","6","0","","Connected input, execution, visual/animation and multiplayer QA UNVERIFIED","https://github.com/Graham3D/Hytale/blob/cd7cdbd0299de4bf18740b2cca08756b64b77f69/src/main/resources/rpg/runtime/stage-10-summons-cohort-d.json","{""skillId"":""corpse_burst"",""family"":""CORPSE"",""secondaryFamilies"":[""BURST""],""allowedMainHandKinds"":[""SPELLBOOK""],""requiredOffHandKinds"":[],""resourceType"":""MANA"",""resourceCost"":18,""cooldownSeconds"":6,""windupSeconds"":0,""basePowerSource"":""MAGIC_WEAPON"",""innateBasePower"":0,""scaling"":""MAGIC"",""summonAction"":{""kind"":""CORPSE_BURST"",""range"":20,""radius"":4,""coefficient"":1.6,""duration"":0,""damageIncreased"":0,""shieldFraction"":0}}","NOT_RUN","NOT_RUN","NOT_RUN","","","","","",""
"chain_lightning","Chain Lightning","DIRECT_TARGET","/rpg equip skill01 chain_lightning","STAFF;WAND","","MANA","24","10","0","","Connected input, execution, visual/animation and multiplayer QA UNVERIFIED","https://github.com/Graham3D/Hytale/blob/cd7cdbd0299de4bf18740b2cca08756b64b77f69/src/main/resources/rpg/runtime/stage-08-connections-cohort-b.json","{""skillId"":""chain_lightning"",""family"":""DIRECT_TARGET"",""secondaryFamilies"":[],""allowedMainHandKinds"":[""STAFF"",""WAND""],""requiredOffHandKinds"":[],""resourceType"":""MANA"",""resourceCost"":24,""cooldownSeconds"":10,""windupSeconds"":0,""basePowerSource"":""MAGIC_WEAPON"",""scaling"":""MAGIC"",""connection"":{""kind"":""CHAIN"",""range"":22,""width"":0.02,""height"":0.02,""depth"":0,""speed"":0,""lifetimeSeconds"":0.25,""intervalSeconds"":0.08,""coefficient"":1.25,""upkeepPerSecond"":0,""radius"":0,""originHeight"":1.35,""element"":""LIGHTNING"",""details"":{""jumpRadius"":8,""jumpCoefficients"":[1.25,1,0.8,0.65],""bladeCount"":0,""degreesPerSecond"":0,""contactCooldown"":0,""healFraction"":0,""status"":"""",""statusSeconds"":0}}}","NOT_RUN","NOT_RUN","NOT_RUN","","","","","",""
"dominate","Dominate","DIRECT_TARGET","/rpg equip skill01 dominate","WAND;SPELLBOOK","","MANA","30","35","0","","Native source-role coverage restricted to audited Wolf_Black | Connected input, execution, visual/animation and multiplayer QA UNVERIFIED","https://github.com/Graham3D/Hytale/blob/cd7cdbd0299de4bf18740b2cca08756b64b77f69/src/main/resources/rpg/runtime/stage-10-summons-cohort-f.json","{""skillId"":""dominate"",""family"":""DIRECT_TARGET"",""allowedMainHandKinds"":[""WAND"",""SPELLBOOK""],""requiredOffHandKinds"":[],""secondaryFamilies"":[""CONVERSION""],""resourceType"":""MANA"",""resourceCost"":30,""cooldownSeconds"":35,""windupSeconds"":0,""basePowerSource"":""NONE"",""innateBasePower"":0,""scaling"":""MAGIC"",""conversion"":{""range"":15,""duration"":12}}","NOT_RUN","NOT_RUN","NOT_RUN","","","","","",""
"hunter_s_mark","Hunter's Mark","DIRECT_TARGET","/rpg equip skill01 hunter_s_mark","BOW;CROSSBOW;GUN","","STAMINA","5","6","0","","Connected input, execution, visual/animation and multiplayer QA UNVERIFIED","https://github.com/Graham3D/Hytale/blob/cd7cdbd0299de4bf18740b2cca08756b64b77f69/src/main/resources/rpg/runtime/stage-09-support-cohort-b.json","{""skillId"":""hunter_s_mark"",""family"":""DIRECT_TARGET"",""allowedMainHandKinds"":[""BOW"",""CROSSBOW"",""GUN""],""requiredOffHandKinds"":[],""secondaryFamilies"":[],""resourceType"":""STAMINA"",""resourceCost"":5,""cooldownSeconds"":6,""windupSeconds"":0,""basePowerSource"":""NONE"",""innateBasePower"":0,""scaling"":""UTILITY"",""support"":{""kind"":""MARK"",""range"":30,""radius"":0,""coefficient"":0.1,""reservationFraction"":0,""toggleLockSeconds"":0,""durationSeconds"":15,""movementIncreased"":0}}","NOT_RUN","NOT_RUN","NOT_RUN","","","","","",""
"intimidate","Intimidate","DIRECT_TARGET","/rpg equip skill01 intimidate","","","STAMINA","6","3","0","","Connected input, execution, visual/animation and multiplayer QA UNVERIFIED","https://github.com/Graham3D/Hytale/blob/cd7cdbd0299de4bf18740b2cca08756b64b77f69/src/main/resources/rpg/runtime/stage-09-support-cohort-b.json","{""skillId"":""intimidate"",""family"":""DIRECT_TARGET"",""allowedMainHandKinds"":[],""requiredOffHandKinds"":[],""secondaryFamilies"":[],""resourceType"":""STAMINA"",""resourceCost"":6,""cooldownSeconds"":3,""windupSeconds"":0,""basePowerSource"":""NONE"",""innateBasePower"":0,""scaling"":""UTILITY"",""support"":{""kind"":""FEAR"",""range"":16,""radius"":0,""coefficient"":0,""reservationFraction"":0,""toggleLockSeconds"":0,""durationSeconds"":2,""movementIncreased"":0}}","NOT_RUN","NOT_RUN","NOT_RUN","","","","","",""
"minor_heal","Minor Heal","DIRECT_TARGET","/rpg equip skill01 minor_heal","STAFF;SPELLBOOK","","MANA","12","4","0","","Connected input, execution, visual/animation and multiplayer QA UNVERIFIED","https://github.com/Graham3D/Hytale/blob/cd7cdbd0299de4bf18740b2cca08756b64b77f69/src/main/resources/rpg/runtime/stage-09-support-cohort-a.json","{""skillId"":""minor_heal"",""family"":""DIRECT_TARGET"",""allowedMainHandKinds"":[""STAFF"",""SPELLBOOK""],""resourceType"":""MANA"",""resourceCost"":12,""cooldownSeconds"":4,""basePowerSource"":""INNATE"",""innateBasePower"":20,""scaling"":""UTILITY"",""support"":{""kind"":""HEAL"",""range"":18,""radius"":0,""coefficient"":1,""reservationFraction"":0,""toggleLockSeconds"":0},""secondaryFamilies"":[],""requiredOffHandKinds"":[],""windupSeconds"":0}","NOT_RUN","NOT_RUN","NOT_RUN","","","","","",""
"taunt","Taunt","DIRECT_TARGET","/rpg equip skill01 taunt","","","STAMINA","5","8","0","","Connected input, execution, visual/animation and multiplayer QA UNVERIFIED","https://github.com/Graham3D/Hytale/blob/cd7cdbd0299de4bf18740b2cca08756b64b77f69/src/main/resources/rpg/runtime/stage-09-support-cohort-b.json","{""skillId"":""taunt"",""family"":""DIRECT_TARGET"",""allowedMainHandKinds"":[],""requiredOffHandKinds"":[],""secondaryFamilies"":[],""resourceType"":""STAMINA"",""resourceCost"":5,""cooldownSeconds"":8,""windupSeconds"":0,""basePowerSource"":""NONE"",""innateBasePower"":0,""scaling"":""UTILITY"",""support"":{""kind"":""TAUNT"",""range"":12,""radius"":0,""coefficient"":0,""reservationFraction"":0,""toggleLockSeconds"":0,""durationSeconds"":5,""movementIncreased"":0}}","NOT_RUN","NOT_RUN","NOT_RUN","","","","","",""
"weakening_hex","Weakening Hex","DIRECT_TARGET","/rpg equip skill01 weakening_hex","WAND;SPELLBOOK","","MANA","10","8","0","","Connected input, execution, visual/animation and multiplayer QA UNVERIFIED","https://github.com/Graham3D/Hytale/blob/cd7cdbd0299de4bf18740b2cca08756b64b77f69/src/main/resources/rpg/runtime/stage-09-support-cohort-b.json","{""skillId"":""weakening_hex"",""family"":""DIRECT_TARGET"",""allowedMainHandKinds"":[""WAND"",""SPELLBOOK""],""requiredOffHandKinds"":[],""secondaryFamilies"":[],""resourceType"":""MANA"",""resourceCost"":10,""cooldownSeconds"":8,""windupSeconds"":0,""basePowerSource"":""NONE"",""innateBasePower"":0,""scaling"":""UTILITY"",""support"":{""kind"":""WEAKEN"",""range"":18,""radius"":0,""coefficient"":0.85,""reservationFraction"":0,""toggleLockSeconds"":0,""durationSeconds"":8,""movementIncreased"":0}}","NOT_RUN","NOT_RUN","NOT_RUN","","","","","",""
"blizzard","Blizzard","GROUND_ZONE","/rpg equip skill01 blizzard","STAFF;SPELLBOOK","","MANA","28","18","0","","Connected input, execution, visual/animation and multiplayer QA UNVERIFIED","https://github.com/Graham3D/Hytale/blob/cd7cdbd0299de4bf18740b2cca08756b64b77f69/src/main/resources/rpg/runtime/stage-06-area-cohort-b.json","{""secondaryFamilies"":[""BOMBARDMENT""],""allowedMainHandKinds"":[""STAFF"",""SPELLBOOK""],""requiredOffHandKinds"":[],""resourceType"":""MANA"",""windupSeconds"":0,""basePowerSource"":""MAGIC_WEAPON"",""scaling"":""MAGIC"",""skillId"":""blizzard"",""family"":""GROUND_ZONE"",""resourceCost"":28,""cooldownSeconds"":18,""area"":{""geometry"":""DISC"",""radius"":6,""height"":3,""placementRange"":24,""lifetimeSeconds"":8,""impactCount"":16,""intervalSeconds"":0.5,""impactRadius"":2,""warningSeconds"":0.25,""stratified"":true,""perTargetHitCap"":16,""targetIntervalSeconds"":0.75,""coefficient"":0.38,""chillStacks"":1,""element"":""COLD"",""status"":""CHILL"",""candidateBudget"":64}}","NOT_RUN","NOT_RUN","NOT_RUN","","","","","",""
"earthquake","Earthquake","GROUND_ZONE","/rpg equip skill01 earthquake","STAFF;SPELLBOOK","","MANA","30","22","0","","Connected input, execution, visual/animation and multiplayer QA UNVERIFIED","https://github.com/Graham3D/Hytale/blob/cd7cdbd0299de4bf18740b2cca08756b64b77f69/src/main/resources/rpg/runtime/stage-06-area-cohort-c.json","{""skillId"":""earthquake"",""family"":""GROUND_ZONE"",""secondaryFamilies"":[],""allowedMainHandKinds"":[""STAFF"",""SPELLBOOK""],""requiredOffHandKinds"":[],""resourceType"":""MANA"",""resourceCost"":30,""cooldownSeconds"":22,""windupSeconds"":0,""basePowerSource"":""MAGIC_WEAPON"",""scaling"":""MAGIC"",""area"":{""geometry"":""DISC"",""height"":3,""status"":""STAGGER"",""candidateBudget"":64,""radius"":7,""placementRange"":18,""lifetimeSeconds"":4.5,""intervalSeconds"":1.125,""impactCount"":4,""perTargetHitCap"":4,""coefficient"":0.55,""statusSeconds"":0.4,""element"":""EARTH""}}","NOT_RUN","NOT_RUN","NOT_RUN","","","","","",""
"poison_cloud","Poison Cloud","GROUND_ZONE","/rpg equip skill01 poison_cloud","STAFF;SPELLBOOK","","MANA","24","16","0","","Connected input, execution, visual/animation and multiplayer QA UNVERIFIED","https://github.com/Graham3D/Hytale/blob/cd7cdbd0299de4bf18740b2cca08756b64b77f69/src/main/resources/rpg/runtime/stage-06-area-cohort-b.json","{""secondaryFamilies"":[],""allowedMainHandKinds"":[""STAFF"",""SPELLBOOK""],""requiredOffHandKinds"":[],""resourceType"":""MANA"",""windupSeconds"":0,""basePowerSource"":""MAGIC_WEAPON"",""scaling"":""MAGIC"",""skillId"":""poison_cloud"",""family"":""GROUND_ZONE"",""resourceCost"":24,""cooldownSeconds"":16,""area"":{""geometry"":""DISC"",""radius"":5,""height"":3,""placementRange"":20,""lifetimeSeconds"":8,""intervalSeconds"":0.25,""periodic"":true,""perTargetHitCap"":32,""coefficient"":0.3,""element"":""POISON"",""status"":""POISON"",""statusSeconds"":8,""statusIntervalSeconds"":1,""candidateBudget"":64}}","NOT_RUN","NOT_RUN","NOT_RUN","","","","","",""
"vortex","Vortex","GROUND_ZONE","/rpg equip skill01 vortex","STAFF;SPELLBOOK","","MANA","28","20","0","","Connected input, execution, visual/animation and multiplayer QA UNVERIFIED","https://github.com/Graham3D/Hytale/blob/cd7cdbd0299de4bf18740b2cca08756b64b77f69/src/main/resources/rpg/runtime/stage-06-area-cohort-c.json","{""skillId"":""vortex"",""family"":""GROUND_ZONE"",""secondaryFamilies"":[],""allowedMainHandKinds"":[""STAFF"",""SPELLBOOK""],""requiredOffHandKinds"":[],""resourceType"":""MANA"",""resourceCost"":28,""cooldownSeconds"":20,""windupSeconds"":0,""basePowerSource"":""MAGIC_WEAPON"",""scaling"":""MAGIC"",""area"":{""geometry"":""DISC"",""height"":3,""status"":"""",""candidateBudget"":64,""radius"":5,""placementRange"":20,""lifetimeSeconds"":6,""periodic"":true,""intervalSeconds"":0.25,""impactCount"":0,""perTargetHitCap"":24,""coefficient"":0.35,""pullSpeed"":1.5,""pullCoreRadius"":1.5,""visualCoreRadius"":1.5,""element"":""VOID""}}","NOT_RUN","NOT_RUN","NOT_RUN","","","","","",""
"lightning_bolt","Lightning Bolt","LINE","/rpg equip skill01 lightning_bolt","STAFF;WAND","","MANA","16","6","0.15","","Connected input, execution, visual/animation and multiplayer QA UNVERIFIED","https://github.com/Graham3D/Hytale/blob/cd7cdbd0299de4bf18740b2cca08756b64b77f69/src/main/resources/rpg/runtime/stage-08-connections-cohort-b.json","{""skillId"":""lightning_bolt"",""family"":""LINE"",""secondaryFamilies"":[],""allowedMainHandKinds"":[""STAFF"",""WAND""],""requiredOffHandKinds"":[],""resourceType"":""MANA"",""resourceCost"":16,""cooldownSeconds"":6,""windupSeconds"":0.15,""basePowerSource"":""MAGIC_WEAPON"",""scaling"":""MAGIC"",""connection"":{""kind"":""LINE"",""range"":24,""width"":1,""height"":2.5,""depth"":0,""speed"":0,""lifetimeSeconds"":0.15,""intervalSeconds"":0,""coefficient"":1.45,""upkeepPerSecond"":0,""radius"":0,""originHeight"":1.25,""element"":""LIGHTNING"",""details"":{""jumpRadius"":0,""jumpCoefficients"":[],""bladeCount"":0,""degreesPerSecond"":0,""contactCooldown"":0,""healFraction"":0,""status"":"""",""statusSeconds"":0}}}","NOT_RUN","NOT_RUN","NOT_RUN","","","","","",""
"root_lash","Root Lash","LINE","/rpg equip skill01 root_lash","STAFF;WAND","","MANA","9","5","0","","Connected input, execution, visual/animation and multiplayer QA UNVERIFIED","https://github.com/Graham3D/Hytale/blob/cd7cdbd0299de4bf18740b2cca08756b64b77f69/src/main/resources/rpg/runtime/stage-08-connections-cohort-b.json","{""skillId"":""root_lash"",""family"":""LINE"",""secondaryFamilies"":[],""allowedMainHandKinds"":[""STAFF"",""WAND""],""requiredOffHandKinds"":[],""resourceType"":""MANA"",""resourceCost"":9,""cooldownSeconds"":5,""windupSeconds"":0,""basePowerSource"":""MAGIC_WEAPON"",""scaling"":""MAGIC"",""connection"":{""kind"":""TETHER"",""range"":12,""width"":0.7,""height"":2.5,""depth"":0,""speed"":0,""lifetimeSeconds"":0.25,""intervalSeconds"":0,""coefficient"":0.7,""upkeepPerSecond"":0,""radius"":0,""originHeight"":1.25,""element"":""NATURE"",""details"":{""jumpRadius"":0,""jumpCoefficients"":[],""bladeCount"":0,""degreesPerSecond"":0,""contactCooldown"":0,""healFraction"":0,""status"":""ROOT"",""statusSeconds"":1.5}}}","NOT_RUN","NOT_RUN","NOT_RUN","","","","","",""
"wind_cutter","Wind Cutter","LINE","/rpg equip skill01 wind_cutter","STAFF;WAND","","MANA","8","2.5","0","","Connected input, execution, visual/animation and multiplayer QA UNVERIFIED","https://github.com/Graham3D/Hytale/blob/cd7cdbd0299de4bf18740b2cca08756b64b77f69/src/main/resources/rpg/runtime/stage-08-connections-cohort-a.json","{""skillId"":""wind_cutter"",""family"":""LINE"",""secondaryFamilies"":[],""allowedMainHandKinds"":[""STAFF"",""WAND""],""requiredOffHandKinds"":[],""resourceType"":""MANA"",""resourceCost"":8,""cooldownSeconds"":2.5,""windupSeconds"":0,""basePowerSource"":""MAGIC_WEAPON"",""scaling"":""MAGIC"",""connection"":{""kind"":""WAVE"",""range"":16,""width"":1.2,""height"":2.5,""depth"":0.3,""speed"":20,""lifetimeSeconds"":0.8,""intervalSeconds"":0,""coefficient"":0.95,""upkeepPerSecond"":0,""radius"":0,""originHeight"":1.25,""element"":""WIND""}}","NOT_RUN","NOT_RUN","NOT_RUN","","","","","",""
"charge","Charge","MOVEMENT","/rpg equip skill01 charge","SPEAR","","STAMINA","14","8","0","","Connected input, execution, visual/animation and multiplayer QA UNVERIFIED","https://github.com/Graham3D/Hytale/blob/cd7cdbd0299de4bf18740b2cca08756b64b77f69/src/main/resources/rpg/runtime/stage-13-movement-cohort-d.json","{""family"":""MOVEMENT"",""secondaryFamilies"":[""STRIKE""],""allowedMainHandKinds"":[""SPEAR""],""requiredOffHandKinds"":[],""resourceType"":""STAMINA"",""windupSeconds"":0,""skillId"":""charge"",""resourceCost"":14,""cooldownSeconds"":8,""basePowerSource"":""WEAPON"",""innateBasePower"":0,""scaling"":""HEAVY"",""movement"":{""kind"":""DASH"",""maxDistance"":12,""minimumDurationSeconds"":0.25,""maximumDurationSeconds"":0.8,""apexHeight"":0,""landingRadius"":0,""details"":{""travelSpeed"":20,""pathWidth"":1.1,""stopAtFirstEnemy"":true,""knockback"":3}},""strike"":{""geometry"":""LINE"",""angleDegrees"":360,""lineHalfWidth"":0.55,""repeats"":1,""repeatIntervalSeconds"":0,""targetCap"":1,""statusId"":"""",""statusSeconds"":0,""range"":12,""coefficient"":1.5}}","NOT_RUN","NOT_RUN","NOT_RUN","","","","","",""
"dive_strike","Dive Strike","MOVEMENT","/rpg equip skill01 dive_strike","","","STAMINA","8","6","0","","Connected input, execution, visual/animation and multiplayer QA UNVERIFIED","https://github.com/Graham3D/Hytale/blob/cd7cdbd0299de4bf18740b2cca08756b64b77f69/src/main/resources/rpg/runtime/stage-13-movement-cohort-d.json","{""family"":""MOVEMENT"",""secondaryFamilies"":[""STRIKE""],""allowedMainHandKinds"":[],""requiredOffHandKinds"":[],""resourceType"":""STAMINA"",""windupSeconds"":0,""skillId"":""dive_strike"",""resourceCost"":8,""cooldownSeconds"":6,""basePowerSource"":""INNATE"",""innateBasePower"":20,""scaling"":""LIGHT"",""movement"":{""kind"":""LEAP"",""maxDistance"":10,""minimumDurationSeconds"":0.25,""maximumDurationSeconds"":0.8,""apexHeight"":1.8,""landingRadius"":2,""details"":{""groundTarget"":true,""travelSpeed"":16}},""strike"":{""geometry"":""RADIUS"",""angleDegrees"":360,""lineHalfWidth"":0,""repeats"":1,""repeatIntervalSeconds"":0,""targetCap"":64,""statusId"":"""",""statusSeconds"":0,""range"":2,""coefficient"":1.15}}","NOT_RUN","NOT_RUN","NOT_RUN","","","","","",""
"jump_strike","Jump Strike","MOVEMENT","/rpg equip skill01 jump_strike","SWORD;LONGSWORD;SPEAR","","STAMINA","12","7","0","","Connected input, execution, visual/animation and multiplayer QA UNVERIFIED","https://github.com/Graham3D/Hytale/blob/cd7cdbd0299de4bf18740b2cca08756b64b77f69/src/main/resources/rpg/runtime/stage-13-movement-cohort-d.json","{""family"":""MOVEMENT"",""secondaryFamilies"":[""STRIKE""],""allowedMainHandKinds"":[""SWORD"",""LONGSWORD"",""SPEAR""],""requiredOffHandKinds"":[],""resourceType"":""STAMINA"",""windupSeconds"":0,""skillId"":""jump_strike"",""resourceCost"":12,""cooldownSeconds"":7,""basePowerSource"":""WEAPON"",""innateBasePower"":0,""scaling"":""WEAPON_CLASS"",""movement"":{""kind"":""LEAP"",""maxDistance"":10,""minimumDurationSeconds"":0.25,""maximumDurationSeconds"":0.8,""apexHeight"":1.5,""landingRadius"":2.2,""details"":{""groundTarget"":true,""travelSpeed"":16}},""strike"":{""geometry"":""RADIUS"",""angleDegrees"":360,""lineHalfWidth"":0,""repeats"":1,""repeatIntervalSeconds"":0,""targetCap"":64,""statusId"":"""",""statusSeconds"":0,""range"":2.2,""coefficient"":1.4}}","NOT_RUN","NOT_RUN","NOT_RUN","","","","","",""
"pounce","Pounce","MOVEMENT","/rpg equip skill01 pounce","","","STAMINA","8","5","0","","Connected input, execution, visual/animation and multiplayer QA UNVERIFIED","https://github.com/Graham3D/Hytale/blob/cd7cdbd0299de4bf18740b2cca08756b64b77f69/src/main/resources/rpg/runtime/stage-04-skills.json","{""skillId"":""pounce"",""family"":""MOVEMENT"",""secondaryFamilies"":[""STRIKE""],""allowedMainHandKinds"":[],""requiredOffHandKinds"":[],""resourceType"":""STAMINA"",""resourceCost"":8.0,""cooldownSeconds"":5.0,""windupSeconds"":0.0,""basePowerSource"":""INNATE"",""innateBasePower"":20.0,""scaling"":""LIGHT"",""strike"":{""geometry"":""RADIUS"",""range"":1.5,""angleDegrees"":360.0,""lineHalfWidth"":0.0,""repeats"":1,""repeatIntervalSeconds"":0.0,""targetCap"":64,""coefficient"":1.05,""statusId"":"""",""statusSeconds"":0.0},""movement"":{""kind"":""LEAP"",""maxDistance"":8.0,""minimumDurationSeconds"":0.25,""maximumDurationSeconds"":0.8,""apexHeight"":1.2,""landingRadius"":1.5}}","NOT_RUN","NOT_RUN","NOT_RUN","","","","","",""
"quickstep","Quickstep","MOVEMENT","/rpg equip skill01 quickstep","","","STAMINA","8","2.5","0","","Connected input, execution, visual/animation and multiplayer QA UNVERIFIED","https://github.com/Graham3D/Hytale/blob/cd7cdbd0299de4bf18740b2cca08756b64b77f69/src/main/resources/rpg/runtime/stage-04-skills.json","{""skillId"":""quickstep"",""family"":""MOVEMENT"",""secondaryFamilies"":[],""allowedMainHandKinds"":[],""requiredOffHandKinds"":[],""resourceType"":""STAMINA"",""resourceCost"":8.0,""cooldownSeconds"":2.5,""windupSeconds"":0.0,""basePowerSource"":""NONE"",""innateBasePower"":0.0,""scaling"":""NONE"",""movement"":{""kind"":""DASH"",""maxDistance"":4.0,""minimumDurationSeconds"":0.22,""maximumDurationSeconds"":0.22,""apexHeight"":0.0,""landingRadius"":0.0}}","NOT_RUN","NOT_RUN","NOT_RUN","","","","","",""
"void_dash","Void Dash","MOVEMENT","/rpg equip skill01 void_dash","","","MANA","12","6","0","","Connected input, execution, visual/animation and multiplayer QA UNVERIFIED","https://github.com/Graham3D/Hytale/blob/cd7cdbd0299de4bf18740b2cca08756b64b77f69/src/main/resources/rpg/runtime/stage-13-movement-cohort-d.json","{""family"":""MOVEMENT"",""secondaryFamilies"":[""STRIKE""],""allowedMainHandKinds"":[],""requiredOffHandKinds"":[],""resourceType"":""MANA"",""windupSeconds"":0,""skillId"":""void_dash"",""resourceCost"":12,""cooldownSeconds"":6,""basePowerSource"":""INNATE"",""innateBasePower"":20,""scaling"":""MAGIC"",""movement"":{""kind"":""DASH"",""maxDistance"":9,""minimumDurationSeconds"":0.25,""maximumDurationSeconds"":0.25,""apexHeight"":0,""landingRadius"":0,""details"":{""pathWidth"":1.4}},""strike"":{""geometry"":""LINE"",""angleDegrees"":360,""lineHalfWidth"":0.7,""repeats"":1,""repeatIntervalSeconds"":0,""targetCap"":64,""statusId"":"""",""statusSeconds"":0,""range"":9,""coefficient"":0.65,""details"":{""element"":""VOID"",""height"":2.5,""actionLockSeconds"":0,""movementFactor"":1}}}","NOT_RUN","NOT_RUN","NOT_RUN","","","","","",""
"ball_lightning","Ball Lightning","ORB","/rpg equip skill01 ball_lightning","STAFF;WAND","","MANA","18","10","0","","Connected input, execution, visual/animation and multiplayer QA UNVERIFIED","https://github.com/Graham3D/Hytale/blob/cd7cdbd0299de4bf18740b2cca08756b64b77f69/src/main/resources/rpg/runtime/stage-08-connections-cohort-a.json","{""skillId"":""ball_lightning"",""family"":""ORB"",""secondaryFamilies"":[],""allowedMainHandKinds"":[""STAFF"",""WAND""],""requiredOffHandKinds"":[],""resourceType"":""MANA"",""resourceCost"":18,""cooldownSeconds"":10,""windupSeconds"":0,""basePowerSource"":""MAGIC_WEAPON"",""scaling"":""MAGIC"",""connection"":{""kind"":""ORB"",""range"":18,""width"":0,""height"":3,""depth"":0,""speed"":5,""lifetimeSeconds"":5,""intervalSeconds"":0.75,""coefficient"":0.35,""upkeepPerSecond"":0,""radius"":1.8,""originHeight"":1.35,""element"":""LIGHTNING""}}","NOT_RUN","NOT_RUN","NOT_RUN","","","","","",""
"orbiting_shadow_blades","Orbiting Shadow Blades","ORB","/rpg equip skill01 orbiting_shadow_blades","WAND;SPELLBOOK","","MANA","26","20","0","","Connected input, execution, visual/animation and multiplayer QA UNVERIFIED","https://github.com/Graham3D/Hytale/blob/cd7cdbd0299de4bf18740b2cca08756b64b77f69/src/main/resources/rpg/runtime/stage-08-connections-cohort-b.json","{""skillId"":""orbiting_shadow_blades"",""family"":""ORB"",""secondaryFamilies"":[],""allowedMainHandKinds"":[""WAND"",""SPELLBOOK""],""requiredOffHandKinds"":[],""resourceType"":""MANA"",""resourceCost"":26,""cooldownSeconds"":20,""windupSeconds"":0,""basePowerSource"":""MAGIC_WEAPON"",""scaling"":""MAGIC"",""connection"":{""kind"":""ORBIT"",""range"":2.8,""width"":0,""height"":0.6,""depth"":0,""speed"":0,""lifetimeSeconds"":10,""intervalSeconds"":0.05,""coefficient"":0.55,""upkeepPerSecond"":0,""radius"":0.3,""originHeight"":1.1,""element"":""VOID"",""details"":{""jumpRadius"":0,""jumpCoefficients"":[],""bladeCount"":4,""degreesPerSecond"":120,""contactCooldown"":0.75,""healFraction"":0,""status"":"""",""statusSeconds"":0}}}","NOT_RUN","NOT_RUN","NOT_RUN","","","","","",""
"comet","Comet","OVERHEAD","/rpg equip skill01 comet","STAFF;SPELLBOOK","","MANA","45","30","0.9","","Connected input, execution, visual/animation and multiplayer QA UNVERIFIED","https://github.com/Graham3D/Hytale/blob/cd7cdbd0299de4bf18740b2cca08756b64b77f69/src/main/resources/rpg/runtime/stage-06-area-cohort-c.json","{""skillId"":""comet"",""family"":""OVERHEAD"",""secondaryFamilies"":[],""allowedMainHandKinds"":[""STAFF"",""SPELLBOOK""],""requiredOffHandKinds"":[],""resourceType"":""MANA"",""resourceCost"":45,""cooldownSeconds"":30,""windupSeconds"":0.9,""basePowerSource"":""MAGIC_WEAPON"",""scaling"":""MAGIC"",""area"":{""geometry"":""DISC"",""height"":3,""status"":""CHILL"",""candidateBudget"":256,""radius"":5.5,""placementRange"":30,""warningSeconds"":1.3,""impactCount"":1,""perTargetHitCap"":1,""coefficient"":1.5,""innerRadius"":2,""innerCoefficient"":2.35,""chillStacks"":3,""innerChillStacks"":5,""overheadHeight"":12,""descentSeconds"":0.6,""element"":""COLD""}}","NOT_RUN","NOT_RUN","NOT_RUN","","","","","",""
"meteor","Meteor","OVERHEAD","/rpg equip skill01 meteor","STAFF;SPELLBOOK","","MANA","45","30","0.9","","Connected input, execution, visual/animation and multiplayer QA UNVERIFIED","https://github.com/Graham3D/Hytale/blob/cd7cdbd0299de4bf18740b2cca08756b64b77f69/src/main/resources/rpg/runtime/stage-06-area-cohort-c.json","{""skillId"":""meteor"",""family"":""OVERHEAD"",""secondaryFamilies"":[],""allowedMainHandKinds"":[""STAFF"",""SPELLBOOK""],""requiredOffHandKinds"":[],""resourceType"":""MANA"",""resourceCost"":45,""cooldownSeconds"":30,""windupSeconds"":0.9,""basePowerSource"":""MAGIC_WEAPON"",""scaling"":""MAGIC"",""area"":{""geometry"":""DISC"",""height"":3,""status"":""BURN"",""candidateBudget"":256,""radius"":5,""placementRange"":30,""warningSeconds"":1.2,""impactCount"":1,""perTargetHitCap"":1,""coefficient"":1.6,""innerRadius"":2,""innerCoefficient"":2.5,""statusSeconds"":4,""statusInnerRadius"":3,""statusInnerSeconds"":8,""overheadHeight"":12,""descentSeconds"":0.6,""element"":""FIRE""}}","NOT_RUN","NOT_RUN","NOT_RUN","","","","","",""
"arcane_bolt","Arcane Bolt","PROJECTILE","/rpg equip skill01 arcane_bolt","WAND;SPELLBOOK","","MANA","7","1.2","0","","Connected input, execution, visual/animation and multiplayer QA UNVERIFIED","https://github.com/Graham3D/Hytale/blob/cd7cdbd0299de4bf18740b2cca08756b64b77f69/src/main/resources/rpg/runtime/stage-05-projectiles.json","{""skillId"":""arcane_bolt"",""family"":""PROJECTILE"",""secondaryFamilies"":[],""allowedMainHandKinds"":[""WAND"",""SPELLBOOK""],""requiredOffHandKinds"":[],""resourceType"":""MANA"",""resourceCost"":7.0,""cooldownSeconds"":1.2,""windupSeconds"":0.0,""basePowerSource"":""MAGIC_WEAPON"",""innateBasePower"":0.0,""scaling"":""MAGIC"",""projectile"":{""configId"":""Projectile_Config_RPG_Arcane_Bolt"",""speed"":26.0,""details"":{""element"":""ARCANE"",""chillStacks"":0,""bossRootSlow"":0,""bossSlowOptInRoles"":[]},""maxDistance"":26.0,""radius"":0.28,""gravity"":0.0,""targetCap"":1,""coefficient"":0.9,""statusId"":"""",""statusSeconds"":0.0,""periodicCoefficient"":0.0,""periodicTicks"":0,""periodicIntervalSeconds"":0.0,""ammoItemId"":"""",""ammoQuantity"":0,""fullyCharged"":false,""knockbackDistance"":0.0,""configIdsByWeaponKind"":{},""speedsByWeaponKind"":{}}}","NOT_RUN","NOT_RUN","NOT_RUN","","","","","",""
"arcane_missiles","Arcane Missiles","PROJECTILE","/rpg equip skill01 arcane_missiles","WAND;SPELLBOOK","","MANA","16","7","0","","Connected input, execution, visual/animation and multiplayer QA UNVERIFIED","https://github.com/Graham3D/Hytale/blob/cd7cdbd0299de4bf18740b2cca08756b64b77f69/src/main/resources/rpg/runtime/stage-13-projectiles-cohort-c.json","{""skillId"":""arcane_missiles"",""family"":""PROJECTILE"",""secondaryFamilies"":[],""allowedMainHandKinds"":[""WAND"",""SPELLBOOK""],""requiredOffHandKinds"":[],""resourceType"":""MANA"",""resourceCost"":16,""cooldownSeconds"":7,""windupSeconds"":0,""basePowerSource"":""MAGIC_WEAPON"",""innateBasePower"":0,""scaling"":""MAGIC"",""projectile"":{""configId"":""Projectile_Config_RPG_Arcane_Missiles"",""speed"":18,""maxDistance"":26,""radius"":0.22,""gravity"":0,""targetCap"":1,""coefficient"":0.42,""statusId"":"""",""statusSeconds"":0,""periodicCoefficient"":0,""periodicTicks"":0,""periodicIntervalSeconds"":0,""ammoItemId"":"""",""ammoQuantity"":0,""fullyCharged"":false,""knockbackDistance"":0,""configIdsByWeaponKind"":{},""speedsByWeaponKind"":{},""independentLifetimeSeconds"":2,""details"":{""element"":""ARCANE"",""chillStacks"":0,""bossRootSlow"":0,""bossSlowOptInRoles"":[],""pattern"":{""count"":5,""horizontalDegrees"":0,""verticalDegrees"":0,""intervalSeconds"":0.08,""homingTurnDegrees"":180,""acquisitionRadius"":6,""ballisticAim"":false},""explosion"":{""radius"":0,""coefficient"":0,""burnRadius"":0,""groundFuseSeconds"":0,""detonateAtAirborneLimit"":false},""nativeCapabilityGate"":""""}}}","NOT_RUN","NOT_RUN","NOT_RUN","","","","","",""
"axe_toss","Axe Toss","PROJECTILE","/rpg equip skill01 axe_toss","BATTLEAXE","","STAMINA","8","5","0","","Connected input, execution, visual/animation and multiplayer QA UNVERIFIED","https://github.com/Graham3D/Hytale/blob/cd7cdbd0299de4bf18740b2cca08756b64b77f69/src/main/resources/rpg/runtime/stage-05-projectiles.json","{""skillId"":""axe_toss"",""family"":""PROJECTILE"",""secondaryFamilies"":[],""allowedMainHandKinds"":[""BATTLEAXE""],""requiredOffHandKinds"":[],""resourceType"":""STAMINA"",""resourceCost"":8.0,""cooldownSeconds"":5.0,""windupSeconds"":0.0,""basePowerSource"":""WEAPON"",""innateBasePower"":0.0,""scaling"":""HEAVY"",""projectile"":{""configId"":""Projectile_Config_RPG_Axe_Toss"",""speed"":18.0,""maxDistance"":20.0,""radius"":0.45,""gravity"":0.0,""targetCap"":1,""coefficient"":1.2,""statusId"":"""",""statusSeconds"":0.0,""periodicCoefficient"":0.0,""periodicTicks"":0,""periodicIntervalSeconds"":0.0,""ammoItemId"":"""",""ammoQuantity"":0,""fullyCharged"":false,""knockbackDistance"":0.0,""configIdsByWeaponKind"":{},""speedsByWeaponKind"":{}}}","NOT_RUN","NOT_RUN","NOT_RUN","","","","","",""
"blunderbuss_shot","Blunderbuss Shot","PROJECTILE","/rpg equip skill01 blunderbuss_shot","GUN","","STAMINA","6","3","0","","Connected input, execution, visual/animation and multiplayer QA UNVERIFIED","https://github.com/Graham3D/Hytale/blob/cd7cdbd0299de4bf18740b2cca08756b64b77f69/src/main/resources/rpg/runtime/stage-13-projectiles-cohort-c.json","{""skillId"":""blunderbuss_shot"",""family"":""PROJECTILE"",""secondaryFamilies"":[],""allowedMainHandKinds"":[""GUN""],""requiredOffHandKinds"":[],""resourceType"":""STAMINA"",""resourceCost"":6,""cooldownSeconds"":3,""windupSeconds"":0,""basePowerSource"":""WEAPON"",""innateBasePower"":0,""scaling"":""LIGHT"",""projectile"":{""configId"":""Projectile_Config_RPG_Blunderbuss_Shot"",""speed"":22,""maxDistance"":8,""radius"":0.04,""gravity"":0,""targetCap"":1,""coefficient"":0.22,""statusId"":"""",""statusSeconds"":0,""periodicCoefficient"":0,""periodicTicks"":0,""periodicIntervalSeconds"":0,""ammoItemId"":"""",""ammoQuantity"":0,""fullyCharged"":false,""knockbackDistance"":0,""configIdsByWeaponKind"":{},""speedsByWeaponKind"":{},""independentLifetimeSeconds"":0,""details"":{""element"":""PHYSICAL"",""chillStacks"":0,""bossRootSlow"":0,""bossSlowOptInRoles"":[],""pattern"":{""count"":8,""horizontalDegrees"":55,""verticalDegrees"":20,""intervalSeconds"":0,""homingTurnDegrees"":0,""acquisitionRadius"":0,""ballisticAim"":false},""explosion"":{""radius"":0,""coefficient"":0,""burnRadius"":0,""groundFuseSeconds"":0,""detonateAtAirborneLimit"":false},""nativeCapabilityGate"":""""}}}","NOT_RUN","NOT_RUN","NOT_RUN","","","","","",""
"bomb_toss","Bomb Toss","PROJECTILE","/rpg equip skill01 bomb_toss","BOMB","","STAMINA","8","9","0","","Connected input, execution, visual/animation and multiplayer QA UNVERIFIED","https://github.com/Graham3D/Hytale/blob/cd7cdbd0299de4bf18740b2cca08756b64b77f69/src/main/resources/rpg/runtime/stage-13-projectiles-cohort-c.json","{""skillId"":""bomb_toss"",""family"":""PROJECTILE"",""secondaryFamilies"":[],""allowedMainHandKinds"":[""BOMB""],""requiredOffHandKinds"":[],""resourceType"":""STAMINA"",""resourceCost"":8,""cooldownSeconds"":9,""windupSeconds"":0,""basePowerSource"":""WEAPON"",""innateBasePower"":0,""scaling"":""LIGHT"",""projectile"":{""configId"":""Projectile_Config_RPG_Bomb_Toss"",""speed"":15,""maxDistance"":20,""radius"":0.2,""gravity"":9.81,""targetCap"":1,""coefficient"":0,""statusId"":"""",""statusSeconds"":0,""periodicCoefficient"":0,""periodicTicks"":0,""periodicIntervalSeconds"":0,""ammoItemId"":"""",""ammoQuantity"":0,""fullyCharged"":false,""knockbackDistance"":0,""configIdsByWeaponKind"":{},""speedsByWeaponKind"":{},""independentLifetimeSeconds"":3,""details"":{""element"":""PHYSICAL"",""chillStacks"":0,""bossRootSlow"":0,""bossSlowOptInRoles"":[],""pattern"":{""count"":1,""horizontalDegrees"":0,""verticalDegrees"":0,""intervalSeconds"":0,""homingTurnDegrees"":0,""acquisitionRadius"":0,""ballisticAim"":true},""explosion"":{""radius"":3.5,""coefficient"":1.5,""burnRadius"":0,""groundFuseSeconds"":1.5,""detonateAtAirborneLimit"":true},""nativeCapabilityGate"":""""}}}","NOT_RUN","NOT_RUN","NOT_RUN","","","","","",""
"bone_shard","Bone Shard","PROJECTILE","/rpg equip skill01 bone_shard","WAND;SPELLBOOK","","MANA","8","1.8","0","","Connected input, execution, visual/animation and multiplayer QA UNVERIFIED","https://github.com/Graham3D/Hytale/blob/cd7cdbd0299de4bf18740b2cca08756b64b77f69/src/main/resources/rpg/runtime/stage-13-projectiles-cohort-b.json","{""skillId"":""bone_shard"",""family"":""PROJECTILE"",""secondaryFamilies"":[],""allowedMainHandKinds"":[""WAND"",""SPELLBOOK""],""requiredOffHandKinds"":[],""resourceType"":""MANA"",""resourceCost"":8,""cooldownSeconds"":1.8,""windupSeconds"":0,""basePowerSource"":""MAGIC_WEAPON"",""innateBasePower"":0,""scaling"":""MAGIC"",""projectile"":{""configId"":""Projectile_Config_RPG_Bone_Shard"",""speed"":25,""maxDistance"":25,""radius"":0.25,""gravity"":0,""targetCap"":1,""coefficient"":1,""statusId"":"""",""statusSeconds"":0,""periodicCoefficient"":0,""periodicTicks"":0,""periodicIntervalSeconds"":0,""ammoItemId"":"""",""ammoQuantity"":0,""fullyCharged"":false,""knockbackDistance"":0,""configIdsByWeaponKind"":{},""speedsByWeaponKind"":{},""details"":{""element"":""NECROTIC"",""chillStacks"":0,""bossRootSlow"":0,""bossSlowOptInRoles"":[]}}}","NOT_RUN","NOT_RUN","NOT_RUN","","","","","",""
"cold_blast","Cold Blast","PROJECTILE","/rpg equip skill01 cold_blast","STAFF;WAND","","MANA","14","5","0","","Connected input, execution, visual/animation and multiplayer QA UNVERIFIED","https://github.com/Graham3D/Hytale/blob/cd7cdbd0299de4bf18740b2cca08756b64b77f69/src/main/resources/rpg/runtime/stage-13-projectiles-cohort-b.json","{""skillId"":""cold_blast"",""family"":""PROJECTILE"",""secondaryFamilies"":[],""allowedMainHandKinds"":[""STAFF"",""WAND""],""requiredOffHandKinds"":[],""resourceType"":""MANA"",""resourceCost"":14,""cooldownSeconds"":5,""windupSeconds"":0,""basePowerSource"":""MAGIC_WEAPON"",""innateBasePower"":0,""scaling"":""MAGIC"",""projectile"":{""configId"":""Projectile_Config_RPG_Cold_Blast"",""speed"":19,""maxDistance"":22,""radius"":0.45,""gravity"":0,""targetCap"":1,""coefficient"":1.1,""statusId"":""CHILL"",""statusSeconds"":0,""periodicCoefficient"":0,""periodicTicks"":0,""periodicIntervalSeconds"":0,""ammoItemId"":"""",""ammoQuantity"":0,""fullyCharged"":false,""knockbackDistance"":0,""configIdsByWeaponKind"":{},""speedsByWeaponKind"":{},""details"":{""element"":""COLD"",""chillStacks"":2,""bossRootSlow"":0,""bossSlowOptInRoles"":[]}}}","NOT_RUN","NOT_RUN","NOT_RUN","","","","","",""
"crossbow_bolt","Crossbow Bolt","PROJECTILE","/rpg equip skill01 crossbow_bolt","CROSSBOW","","STAMINA","5","2","0","","Connected input, execution, visual/animation and multiplayer QA UNVERIFIED","https://github.com/Graham3D/Hytale/blob/cd7cdbd0299de4bf18740b2cca08756b64b77f69/src/main/resources/rpg/runtime/stage-13-projectiles-cohort-b.json","{""skillId"":""crossbow_bolt"",""family"":""PROJECTILE"",""secondaryFamilies"":[],""allowedMainHandKinds"":[""CROSSBOW""],""requiredOffHandKinds"":[],""resourceType"":""STAMINA"",""resourceCost"":5,""cooldownSeconds"":2,""windupSeconds"":0,""basePowerSource"":""WEAPON"",""innateBasePower"":0,""scaling"":""LIGHT"",""projectile"":{""configId"":""Projectile_Config_RPG_Crossbow_Bolt"",""speed"":40,""maxDistance"":32,""radius"":0.075,""gravity"":10,""targetCap"":1,""coefficient"":1.25,""statusId"":"""",""statusSeconds"":0,""periodicCoefficient"":0,""periodicTicks"":0,""periodicIntervalSeconds"":0,""ammoItemId"":""Weapon_Arrow_Crude"",""ammoQuantity"":1,""fullyCharged"":false,""knockbackDistance"":0,""configIdsByWeaponKind"":{},""speedsByWeaponKind"":{},""details"":{""element"":""PHYSICAL"",""chillStacks"":0,""bossRootSlow"":0,""bossSlowOptInRoles"":[]}}}","NOT_RUN","NOT_RUN","NOT_RUN","","","","","",""
"explosive_flask","Explosive Flask","PROJECTILE","/rpg equip skill01 explosive_flask","BOMB","","STAMINA","8","8","0","","Connected input, execution, visual/animation and multiplayer QA UNVERIFIED","https://github.com/Graham3D/Hytale/blob/cd7cdbd0299de4bf18740b2cca08756b64b77f69/src/main/resources/rpg/runtime/stage-13-projectiles-cohort-c.json","{""skillId"":""explosive_flask"",""family"":""PROJECTILE"",""secondaryFamilies"":[],""allowedMainHandKinds"":[""BOMB""],""requiredOffHandKinds"":[],""resourceType"":""STAMINA"",""resourceCost"":8,""cooldownSeconds"":8,""windupSeconds"":0,""basePowerSource"":""WEAPON"",""innateBasePower"":0,""scaling"":""LIGHT"",""projectile"":{""configId"":""Projectile_Config_RPG_Explosive_Flask"",""speed"":14,""maxDistance"":18,""radius"":0.2,""gravity"":9.81,""targetCap"":1,""coefficient"":0,""statusId"":"""",""statusSeconds"":0,""periodicCoefficient"":0,""periodicTicks"":0,""periodicIntervalSeconds"":0,""ammoItemId"":"""",""ammoQuantity"":0,""fullyCharged"":false,""knockbackDistance"":0,""configIdsByWeaponKind"":{},""speedsByWeaponKind"":{},""independentLifetimeSeconds"":3,""details"":{""element"":""PHYSICAL"",""chillStacks"":0,""bossRootSlow"":0,""bossSlowOptInRoles"":[],""pattern"":{""count"":1,""horizontalDegrees"":0,""verticalDegrees"":0,""intervalSeconds"":0,""homingTurnDegrees"":0,""acquisitionRadius"":0,""ballisticAim"":true},""explosion"":{""radius"":3,""coefficient"":1.3,""burnRadius"":0,""groundFuseSeconds"":0,""detonateAtAirborneLimit"":false},""nativeCapabilityGate"":""""}}}","NOT_RUN","NOT_RUN","NOT_RUN","","","","","",""
"fire_bolt","Fire Bolt","PROJECTILE","/rpg equip skill01 fire_bolt","STAFF;WAND","","MANA","8","1.4","0","","Connected input, execution, visual/animation and multiplayer QA UNVERIFIED","https://github.com/Graham3D/Hytale/blob/cd7cdbd0299de4bf18740b2cca08756b64b77f69/src/main/resources/rpg/runtime/stage-05-projectiles.json","{""skillId"":""fire_bolt"",""family"":""PROJECTILE"",""secondaryFamilies"":[],""allowedMainHandKinds"":[""STAFF"",""WAND""],""requiredOffHandKinds"":[],""resourceType"":""MANA"",""resourceCost"":8.0,""cooldownSeconds"":1.4,""windupSeconds"":0.0,""basePowerSource"":""MAGIC_WEAPON"",""innateBasePower"":0.0,""scaling"":""MAGIC"",""projectile"":{""configId"":""Projectile_Config_RPG_Fire_Bolt"",""speed"":24.0,""details"":{""element"":""FIRE"",""chillStacks"":0,""bossRootSlow"":0,""bossSlowOptInRoles"":[]},""maxDistance"":24.0,""radius"":0.3,""gravity"":0.0,""targetCap"":1,""coefficient"":0.95,""statusId"":""BURN"",""statusSeconds"":4.0,""periodicCoefficient"":0.1,""periodicTicks"":4,""periodicIntervalSeconds"":1.0,""ammoItemId"":"""",""ammoQuantity"":0,""fullyCharged"":false,""knockbackDistance"":0.0,""configIdsByWeaponKind"":{},""speedsByWeaponKind"":{}}}","NOT_RUN","NOT_RUN","NOT_RUN","","","","","",""
"fireball","Fireball","PROJECTILE","/rpg equip skill01 fireball","STAFF;WAND","","MANA","18","7","0","","Connected input, execution, visual/animation and multiplayer QA UNVERIFIED","https://github.com/Graham3D/Hytale/blob/cd7cdbd0299de4bf18740b2cca08756b64b77f69/src/main/resources/rpg/runtime/stage-13-projectiles-cohort-c.json","{""skillId"":""fireball"",""family"":""PROJECTILE"",""secondaryFamilies"":[],""allowedMainHandKinds"":[""STAFF"",""WAND""],""requiredOffHandKinds"":[],""resourceType"":""MANA"",""resourceCost"":18,""cooldownSeconds"":7,""windupSeconds"":0,""basePowerSource"":""MAGIC_WEAPON"",""innateBasePower"":0,""scaling"":""MAGIC"",""projectile"":{""configId"":""Projectile_Config_RPG_Fireball"",""speed"":18,""maxDistance"":30,""radius"":0.5,""gravity"":0,""targetCap"":1,""coefficient"":1.55,""statusId"":""BURN"",""statusSeconds"":5,""periodicCoefficient"":0.1,""periodicTicks"":5,""periodicIntervalSeconds"":1,""ammoItemId"":"""",""ammoQuantity"":0,""fullyCharged"":false,""knockbackDistance"":0,""configIdsByWeaponKind"":{},""speedsByWeaponKind"":{},""independentLifetimeSeconds"":0,""details"":{""element"":""FIRE"",""chillStacks"":0,""bossRootSlow"":0,""bossSlowOptInRoles"":[],""pattern"":{""count"":1,""horizontalDegrees"":0,""verticalDegrees"":0,""intervalSeconds"":0,""homingTurnDegrees"":0,""acquisitionRadius"":0,""ballisticAim"":false},""explosion"":{""radius"":4,""coefficient"":0.9,""burnRadius"":3,""groundFuseSeconds"":0,""detonateAtAirborneLimit"":false},""nativeCapabilityGate"":""""}}}","NOT_RUN","NOT_RUN","NOT_RUN","","","","","",""
"frost_bolt","Frost Bolt","PROJECTILE","/rpg equip skill01 frost_bolt","STAFF;WAND","","MANA","8","1.5","0","","Connected input, execution, visual/animation and multiplayer QA UNVERIFIED","https://github.com/Graham3D/Hytale/blob/cd7cdbd0299de4bf18740b2cca08756b64b77f69/src/main/resources/rpg/runtime/stage-05-projectiles.json","{""skillId"":""frost_bolt"",""family"":""PROJECTILE"",""secondaryFamilies"":[],""allowedMainHandKinds"":[""STAFF"",""WAND""],""requiredOffHandKinds"":[],""resourceType"":""MANA"",""resourceCost"":8.0,""cooldownSeconds"":1.5,""windupSeconds"":0.0,""basePowerSource"":""MAGIC_WEAPON"",""innateBasePower"":0.0,""scaling"":""MAGIC"",""projectile"":{""configId"":""Projectile_Config_RPG_Frost_Bolt"",""speed"":22.0,""details"":{""element"":""COLD"",""chillStacks"":1,""bossRootSlow"":0,""bossSlowOptInRoles"":[]},""maxDistance"":24.0,""radius"":0.3,""gravity"":0.0,""targetCap"":1,""coefficient"":0.85,""statusId"":""CHILL"",""statusSeconds"":0.0,""periodicCoefficient"":0.0,""periodicTicks"":0,""periodicIntervalSeconds"":0.0,""ammoItemId"":"""",""ammoQuantity"":0,""fullyCharged"":false,""knockbackDistance"":0.0,""configIdsByWeaponKind"":{},""speedsByWeaponKind"":{}}}","NOT_RUN","NOT_RUN","NOT_RUN","","","","","",""
"quick_shot","Quick Shot","PROJECTILE","/rpg equip skill01 quick_shot","BOW;CROSSBOW","","STAMINA","4","0.9","0","","Connected input, execution, visual/animation and multiplayer QA UNVERIFIED","https://github.com/Graham3D/Hytale/blob/cd7cdbd0299de4bf18740b2cca08756b64b77f69/src/main/resources/rpg/runtime/stage-05-projectiles.json","{""skillId"":""quick_shot"",""family"":""PROJECTILE"",""secondaryFamilies"":[],""allowedMainHandKinds"":[""BOW"",""CROSSBOW""],""requiredOffHandKinds"":[],""resourceType"":""STAMINA"",""resourceCost"":4.0,""cooldownSeconds"":0.9,""windupSeconds"":0.0,""basePowerSource"":""WEAPON"",""innateBasePower"":0.0,""scaling"":""LIGHT"",""projectile"":{""configId"":""Projectile_Config_RPG_Quick_Shot_Bow"",""speed"":30.0,""maxDistance"":28.0,""radius"":0.075,""gravity"":0.0,""targetCap"":1,""coefficient"":0.8,""statusId"":"""",""statusSeconds"":0.0,""periodicCoefficient"":0.0,""periodicTicks"":0,""periodicIntervalSeconds"":0.0,""ammoItemId"":""Weapon_Arrow_Crude"",""ammoQuantity"":1,""fullyCharged"":false,""knockbackDistance"":0.0,""configIdsByWeaponKind"":{""BOW"":""Projectile_Config_RPG_Quick_Shot_Bow"",""CROSSBOW"":""Projectile_Config_RPG_Quick_Shot_Crossbow""},""speedsByWeaponKind"":{""BOW"":30.0,""CROSSBOW"":40.0}}}","NOT_RUN","NOT_RUN","NOT_RUN","","","","","",""
"snipe","Snipe","PROJECTILE","/rpg equip skill01 snipe","BOW","","STAMINA","12","10","0","NATIVE_BOW_MAX_RANGE_UNVERIFIED","NATIVE_BOW_MAX_RANGE_UNVERIFIED | Connected input, execution, visual/animation and multiplayer QA UNVERIFIED","https://github.com/Graham3D/Hytale/blob/cd7cdbd0299de4bf18740b2cca08756b64b77f69/src/main/resources/rpg/runtime/stage-13-projectiles-cohort-c.json","{""skillId"":""snipe"",""family"":""PROJECTILE"",""secondaryFamilies"":[],""allowedMainHandKinds"":[""BOW""],""requiredOffHandKinds"":[],""resourceType"":""STAMINA"",""resourceCost"":12,""cooldownSeconds"":10,""windupSeconds"":0,""basePowerSource"":""WEAPON"",""innateBasePower"":0,""scaling"":""LIGHT"",""projectile"":{""configId"":""Projectile_Config_RPG_Snipe"",""speed"":45,""maxDistance"":48,""radius"":0.1,""gravity"":0,""targetCap"":1,""coefficient"":2,""statusId"":"""",""statusSeconds"":0,""periodicCoefficient"":0,""periodicTicks"":0,""periodicIntervalSeconds"":0,""ammoItemId"":""Weapon_Arrow_Crude"",""ammoQuantity"":1,""fullyCharged"":true,""knockbackDistance"":0,""configIdsByWeaponKind"":{},""speedsByWeaponKind"":{},""independentLifetimeSeconds"":0,""details"":{""element"":""PHYSICAL"",""chillStacks"":0,""bossRootSlow"":0,""bossSlowOptInRoles"":[],""pattern"":{""count"":1,""horizontalDegrees"":0,""verticalDegrees"":0,""intervalSeconds"":0,""homingTurnDegrees"":0,""acquisitionRadius"":0,""ballisticAim"":false},""explosion"":{""radius"":0,""coefficient"":0,""burnRadius"":0,""groundFuseSeconds"":0,""detonateAtAirborneLimit"":false},""nativeCapabilityGate"":""NATIVE_BOW_MAX_RANGE_UNVERIFIED""}}}","NOT_RUN","NOT_RUN","NOT_RUN","","","","","",""
"spear_toss","Spear Toss","PROJECTILE","/rpg equip skill01 spear_toss","SPEAR","","STAMINA","7","5","0","","Connected input, execution, visual/animation and multiplayer QA UNVERIFIED","https://github.com/Graham3D/Hytale/blob/cd7cdbd0299de4bf18740b2cca08756b64b77f69/src/main/resources/rpg/runtime/stage-13-projectiles-cohort-b.json","{""skillId"":""spear_toss"",""family"":""PROJECTILE"",""secondaryFamilies"":[],""allowedMainHandKinds"":[""SPEAR""],""requiredOffHandKinds"":[],""resourceType"":""STAMINA"",""resourceCost"":7,""cooldownSeconds"":5,""windupSeconds"":0,""basePowerSource"":""WEAPON"",""innateBasePower"":0,""scaling"":""HEAVY"",""projectile"":{""configId"":""Projectile_Config_RPG_Spear_Toss"",""speed"":22,""maxDistance"":24,""radius"":0.25,""gravity"":0,""targetCap"":1,""coefficient"":1.15,""statusId"":"""",""statusSeconds"":0,""periodicCoefficient"":0,""periodicTicks"":0,""periodicIntervalSeconds"":0,""ammoItemId"":"""",""ammoQuantity"":0,""fullyCharged"":false,""knockbackDistance"":0,""configIdsByWeaponKind"":{},""speedsByWeaponKind"":{},""details"":{""element"":""PHYSICAL"",""chillStacks"":0,""bossRootSlow"":0,""bossSlowOptInRoles"":[]}}}","NOT_RUN","NOT_RUN","NOT_RUN","","","","","",""
"stone_bolt","Stone Bolt","PROJECTILE","/rpg equip skill01 stone_bolt","STAFF;WAND","","MANA","8","2.2","0","","Connected input, execution, visual/animation and multiplayer QA UNVERIFIED","https://github.com/Graham3D/Hytale/blob/cd7cdbd0299de4bf18740b2cca08756b64b77f69/src/main/resources/rpg/runtime/stage-05-projectiles.json","{""skillId"":""stone_bolt"",""family"":""PROJECTILE"",""secondaryFamilies"":[],""allowedMainHandKinds"":[""STAFF"",""WAND""],""requiredOffHandKinds"":[],""resourceType"":""MANA"",""resourceCost"":8.0,""cooldownSeconds"":2.2,""windupSeconds"":0.0,""basePowerSource"":""MAGIC_WEAPON"",""innateBasePower"":0.0,""scaling"":""MAGIC"",""projectile"":{""configId"":""Projectile_Config_RPG_Stone_Bolt"",""speed"":17.0,""maxDistance"":20.0,""radius"":0.45,""gravity"":0.0,""targetCap"":1,""coefficient"":1.2,""statusId"":"""",""statusSeconds"":0.0,""periodicCoefficient"":0.0,""periodicTicks"":0,""periodicIntervalSeconds"":0.0,""ammoItemId"":"""",""ammoQuantity"":0,""fullyCharged"":false,""knockbackDistance"":1.5,""configIdsByWeaponKind"":{},""speedsByWeaponKind"":{}}}","NOT_RUN","NOT_RUN","NOT_RUN","","","","","",""
"void_bolt","Void Bolt","PROJECTILE","/rpg equip skill01 void_bolt","WAND;SPELLBOOK","","MANA","8","1.6","0","","Connected input, execution, visual/animation and multiplayer QA UNVERIFIED","https://github.com/Graham3D/Hytale/blob/cd7cdbd0299de4bf18740b2cca08756b64b77f69/src/main/resources/rpg/runtime/stage-13-projectiles-cohort-b.json","{""skillId"":""void_bolt"",""family"":""PROJECTILE"",""secondaryFamilies"":[],""allowedMainHandKinds"":[""WAND"",""SPELLBOOK""],""requiredOffHandKinds"":[],""resourceType"":""MANA"",""resourceCost"":8,""cooldownSeconds"":1.6,""windupSeconds"":0,""basePowerSource"":""MAGIC_WEAPON"",""innateBasePower"":0,""scaling"":""MAGIC"",""projectile"":{""configId"":""Projectile_Config_RPG_Void_Bolt"",""speed"":21,""maxDistance"":24,""radius"":0.32,""gravity"":0,""targetCap"":1,""coefficient"":1,""statusId"":"""",""statusSeconds"":0,""periodicCoefficient"":0,""periodicTicks"":0,""periodicIntervalSeconds"":0,""ammoItemId"":"""",""ammoQuantity"":0,""fullyCharged"":false,""knockbackDistance"":0,""configIdsByWeaponKind"":{},""speedsByWeaponKind"":{},""details"":{""element"":""VOID"",""chillStacks"":0,""bossRootSlow"":0,""bossSlowOptInRoles"":[]}}}","NOT_RUN","NOT_RUN","NOT_RUN","","","","","",""
"web_shot","Web Shot","PROJECTILE","/rpg equip skill01 web_shot","","","STAMINA","7","7","0","","Connected input, execution, visual/animation and multiplayer QA UNVERIFIED","https://github.com/Graham3D/Hytale/blob/cd7cdbd0299de4bf18740b2cca08756b64b77f69/src/main/resources/rpg/runtime/stage-13-projectiles-cohort-b.json","{""skillId"":""web_shot"",""family"":""PROJECTILE"",""secondaryFamilies"":[],""allowedMainHandKinds"":[],""requiredOffHandKinds"":[],""resourceType"":""STAMINA"",""resourceCost"":7,""cooldownSeconds"":7,""windupSeconds"":0,""basePowerSource"":""INNATE"",""innateBasePower"":20,""scaling"":""LIGHT"",""projectile"":{""configId"":""Projectile_Config_RPG_Web_Shot"",""speed"":16,""maxDistance"":18,""radius"":0.35,""gravity"":0,""targetCap"":1,""coefficient"":0.25,""statusId"":""ROOT"",""statusSeconds"":2.5,""periodicCoefficient"":0,""periodicTicks"":0,""periodicIntervalSeconds"":0,""ammoItemId"":"""",""ammoQuantity"":0,""fullyCharged"":false,""knockbackDistance"":0,""configIdsByWeaponKind"":{},""speedsByWeaponKind"":{},""details"":{""element"":""PHYSICAL"",""chillStacks"":0,""bossRootSlow"":0.3,""bossSlowOptInRoles"":[]}}}","NOT_RUN","NOT_RUN","NOT_RUN","","","","","",""
"guard","Guard","REACTION","/rpg equip skill01 guard","SWORD;LONGSWORD;MACE;SPEAR","","STAMINA","0","0.3","0","NATIVE_GUARD_HELD_ITEM_RELEASE_ROUTE_UNVERIFIED","NATIVE_GUARD_HELD_ITEM_RELEASE_ROUTE_UNVERIFIED | Connected input, execution, visual/animation and multiplayer QA UNVERIFIED","https://github.com/Graham3D/Hytale/blob/cd7cdbd0299de4bf18740b2cca08756b64b77f69/src/main/resources/rpg/runtime/stage-13-movement-cohort-d.json","{""family"":""REACTION"",""secondaryFamilies"":[],""allowedMainHandKinds"":[""SWORD"",""LONGSWORD"",""MACE"",""SPEAR""],""requiredOffHandKinds"":[],""resourceType"":""STAMINA"",""windupSeconds"":0,""skillId"":""guard"",""resourceCost"":0,""cooldownSeconds"":0.3,""basePowerSource"":""NONE"",""innateBasePower"":0,""scaling"":""NONE"",""reaction"":{""windowSeconds"":0,""qualifyingSignals"":[],""nativeHeld"":true}}","NOT_RUN","NOT_RUN","NOT_RUN","","","","","",""
"reflective_hide","Reflective Hide","REACTION","/rpg equip skill01 reflective_hide","","","STAMINA","10","3","0","","Connected input, execution, visual/animation and multiplayer QA UNVERIFIED","https://github.com/Graham3D/Hytale/blob/cd7cdbd0299de4bf18740b2cca08756b64b77f69/src/main/resources/rpg/runtime/stage-09-support-cohort-c.json","{""skillId"":""reflective_hide"",""family"":""REACTION"",""allowedMainHandKinds"":[],""requiredOffHandKinds"":[],""secondaryFamilies"":[],""resourceType"":""STAMINA"",""resourceCost"":10,""cooldownSeconds"":3,""windupSeconds"":0,""basePowerSource"":""NONE"",""innateBasePower"":0,""scaling"":""UTILITY"",""support"":{""kind"":""REFLECT"",""range"":0,""radius"":0,""coefficient"":0.2,""reservationFraction"":0,""toggleLockSeconds"":0,""durationSeconds"":3,""movementIncreased"":0}}","NOT_RUN","NOT_RUN","NOT_RUN","","","","","",""
"riposte","Riposte","REACTION","/rpg equip skill01 riposte","SWORD;LONGSWORD","","STAMINA","8","7","0","","Connected input, execution, visual/animation and multiplayer QA UNVERIFIED","https://github.com/Graham3D/Hytale/blob/cd7cdbd0299de4bf18740b2cca08756b64b77f69/src/main/resources/rpg/runtime/stage-04-skills.json","{""skillId"":""riposte"",""family"":""REACTION"",""secondaryFamilies"":[""STRIKE""],""allowedMainHandKinds"":[""SWORD"",""LONGSWORD""],""requiredOffHandKinds"":[],""resourceType"":""STAMINA"",""resourceCost"":8.0,""cooldownSeconds"":7.0,""windupSeconds"":0.0,""basePowerSource"":""WEAPON"",""innateBasePower"":0.0,""scaling"":""LIGHT"",""strike"":{""geometry"":""ASSIST_CONE"",""range"":3.0,""angleDegrees"":120.0,""lineHalfWidth"":0.0,""repeats"":1,""repeatIntervalSeconds"":0.0,""targetCap"":1,""coefficient"":1.35,""statusId"":"""",""statusSeconds"":0.0},""reaction"":{""windowSeconds"":0.8,""qualifyingSignals"":[""HYTALE_DAMAGE_BLOCKED""]}}","NOT_RUN","NOT_RUN","NOT_RUN","","","","","",""
"backstab","Backstab","STRIKE","/rpg equip skill01 backstab","DAGGER","","STAMINA","10","6","0","","Connected input, execution, visual/animation and multiplayer QA UNVERIFIED","https://github.com/Graham3D/Hytale/blob/cd7cdbd0299de4bf18740b2cca08756b64b77f69/src/main/resources/rpg/runtime/stage-13-combat-cohort-e.json","{""skillId"":""backstab"",""family"":""STRIKE"",""secondaryFamilies"":[],""allowedMainHandKinds"":[""DAGGER""],""requiredOffHandKinds"":[],""resourceType"":""STAMINA"",""resourceCost"":10,""cooldownSeconds"":6,""windupSeconds"":0,""basePowerSource"":""WEAPON"",""innateBasePower"":0,""scaling"":""LIGHT"",""strike"":{""geometry"":""ASSIST_CONE"",""range"":2.4,""angleDegrees"":60,""lineHalfWidth"":0,""repeats"":1,""repeatIntervalSeconds"":0,""targetCap"":1,""coefficient"":0.9,""statusId"":"""",""statusSeconds"":0,""details"":{""element"":""PHYSICAL"",""height"":2.5,""actionLockSeconds"":0,""movementFactor"":1,""victimCoefficient"":""BACKSTAB""}}}","NOT_RUN","NOT_RUN","NOT_RUN","","","","","",""
"dagger_flurry","Dagger Flurry","STRIKE","/rpg equip skill01 dagger_flurry","DAGGER","","STAMINA","10","4","0","","Connected input, execution, visual/animation and multiplayer QA UNVERIFIED","https://github.com/Graham3D/Hytale/blob/cd7cdbd0299de4bf18740b2cca08756b64b77f69/src/main/resources/rpg/runtime/stage-13-strikes-cohort-a.json","{""skillId"":""dagger_flurry"",""family"":""STRIKE"",""secondaryFamilies"":[],""allowedMainHandKinds"":[""DAGGER""],""requiredOffHandKinds"":[],""resourceType"":""STAMINA"",""resourceCost"":10,""cooldownSeconds"":4,""windupSeconds"":0,""basePowerSource"":""WEAPON"",""innateBasePower"":0,""scaling"":""LIGHT"",""strike"":{""geometry"":""ARC"",""range"":2.4,""angleDegrees"":80,""lineHalfWidth"":0,""repeats"":4,""repeatIntervalSeconds"":0.2,""targetCap"":64,""coefficient"":0.35,""statusId"":"""",""statusSeconds"":0,""details"":{""element"":""PHYSICAL"",""height"":2.5,""actionLockSeconds"":0.8,""movementFactor"":1}}}","NOT_RUN","NOT_RUN","NOT_RUN","","","","","",""
"execution_strike","Execution Strike","STRIKE","/rpg equip skill01 execution_strike","LONGSWORD;BATTLEAXE","","STAMINA","18","10","0","","Connected input, execution, visual/animation and multiplayer QA UNVERIFIED","https://github.com/Graham3D/Hytale/blob/cd7cdbd0299de4bf18740b2cca08756b64b77f69/src/main/resources/rpg/runtime/stage-13-combat-cohort-e.json","{""skillId"":""execution_strike"",""family"":""STRIKE"",""secondaryFamilies"":[],""allowedMainHandKinds"":[""LONGSWORD"",""BATTLEAXE""],""requiredOffHandKinds"":[],""resourceType"":""STAMINA"",""resourceCost"":18,""cooldownSeconds"":10,""windupSeconds"":0,""basePowerSource"":""WEAPON"",""innateBasePower"":0,""scaling"":""HEAVY"",""strike"":{""geometry"":""ARC"",""range"":3,""angleDegrees"":110,""lineHalfWidth"":0,""repeats"":1,""repeatIntervalSeconds"":0,""targetCap"":64,""coefficient"":1.4,""statusId"":"""",""statusSeconds"":0,""details"":{""element"":""PHYSICAL"",""height"":2.5,""actionLockSeconds"":0,""movementFactor"":1,""victimCoefficient"":""EXECUTION_STRIKE""}}}","NOT_RUN","NOT_RUN","NOT_RUN","","","","","",""
"finishing_strike","Finishing Strike","STRIKE","/rpg equip skill01 finishing_strike","SWORD;LONGSWORD;DAGGER","","STAMINA","12","5","0","","Connected input, execution, visual/animation and multiplayer QA UNVERIFIED","https://github.com/Graham3D/Hytale/blob/cd7cdbd0299de4bf18740b2cca08756b64b77f69/src/main/resources/rpg/runtime/stage-13-combat-cohort-e.json","{""skillId"":""finishing_strike"",""family"":""STRIKE"",""secondaryFamilies"":[],""allowedMainHandKinds"":[""SWORD"",""LONGSWORD"",""DAGGER""],""requiredOffHandKinds"":[],""resourceType"":""STAMINA"",""resourceCost"":12,""cooldownSeconds"":5,""windupSeconds"":0,""basePowerSource"":""WEAPON"",""innateBasePower"":0,""scaling"":""WEAPON_CLASS"",""strike"":{""geometry"":""ARC"",""range"":2.8,""angleDegrees"":100,""lineHalfWidth"":0,""repeats"":1,""repeatIntervalSeconds"":0,""targetCap"":64,""coefficient"":1.2,""statusId"":"""",""statusSeconds"":0,""details"":{""element"":""PHYSICAL"",""height"":2.5,""actionLockSeconds"":0,""movementFactor"":1,""finisher"":true}}}","NOT_RUN","NOT_RUN","NOT_RUN","","","","","",""
"heavy_swing","Heavy Swing","STRIKE","/rpg equip skill01 heavy_swing","LONGSWORD;MACE;BATTLEAXE","","STAMINA","9","1.8","0.45","","Connected input, execution, visual/animation and multiplayer QA UNVERIFIED","https://github.com/Graham3D/Hytale/blob/cd7cdbd0299de4bf18740b2cca08756b64b77f69/src/main/resources/rpg/runtime/stage-04-skills.json","{""skillId"":""heavy_swing"",""family"":""STRIKE"",""secondaryFamilies"":[],""allowedMainHandKinds"":[""LONGSWORD"",""MACE"",""BATTLEAXE""],""requiredOffHandKinds"":[],""resourceType"":""STAMINA"",""resourceCost"":9.0,""cooldownSeconds"":1.8,""windupSeconds"":0.45,""basePowerSource"":""WEAPON"",""innateBasePower"":0.0,""scaling"":""HEAVY"",""strike"":{""geometry"":""ARC"",""range"":3.0,""angleDegrees"":140.0,""lineHalfWidth"":0.0,""repeats"":1,""repeatIntervalSeconds"":0.0,""targetCap"":64,""coefficient"":1.45,""statusId"":"""",""statusSeconds"":0.0}}","NOT_RUN","NOT_RUN","NOT_RUN","","","","","",""
"maul_swing","Maul Swing","STRIKE","/rpg equip skill01 maul_swing","MACE;BATTLEAXE","","STAMINA","9","2","0","","Connected input, execution, visual/animation and multiplayer QA UNVERIFIED","https://github.com/Graham3D/Hytale/blob/cd7cdbd0299de4bf18740b2cca08756b64b77f69/src/main/resources/rpg/runtime/stage-13-strikes-cohort-a.json","{""skillId"":""maul_swing"",""family"":""STRIKE"",""secondaryFamilies"":[],""allowedMainHandKinds"":[""MACE"",""BATTLEAXE""],""requiredOffHandKinds"":[],""resourceType"":""STAMINA"",""resourceCost"":9,""cooldownSeconds"":2,""windupSeconds"":0,""basePowerSource"":""WEAPON"",""innateBasePower"":0,""scaling"":""HEAVY"",""strike"":{""geometry"":""ARC"",""range"":2.8,""angleDegrees"":120,""lineHalfWidth"":0,""repeats"":1,""repeatIntervalSeconds"":0,""targetCap"":64,""coefficient"":0.9,""statusId"":"""",""statusSeconds"":0,""details"":{""element"":""PHYSICAL"",""height"":2.5,""actionLockSeconds"":0,""movementFactor"":1}}}","NOT_RUN","NOT_RUN","NOT_RUN","","","","","",""
"quick_slash","Quick Slash","STRIKE","/rpg equip skill01 quick_slash","SWORD;LONGSWORD;DAGGER","","STAMINA","5","0.8","0","","Connected input, execution, visual/animation and multiplayer QA UNVERIFIED","https://github.com/Graham3D/Hytale/blob/cd7cdbd0299de4bf18740b2cca08756b64b77f69/src/main/resources/rpg/runtime/stage-04-skills.json","{""skillId"":""quick_slash"",""family"":""STRIKE"",""secondaryFamilies"":[],""allowedMainHandKinds"":[""SWORD"",""LONGSWORD"",""DAGGER""],""requiredOffHandKinds"":[],""resourceType"":""STAMINA"",""resourceCost"":5.0,""cooldownSeconds"":0.8,""windupSeconds"":0.0,""basePowerSource"":""WEAPON"",""innateBasePower"":0.0,""scaling"":""WEAPON_CLASS"",""strike"":{""geometry"":""ARC"",""range"":2.6,""angleDegrees"":120.0,""lineHalfWidth"":0.0,""repeats"":1,""repeatIntervalSeconds"":0.0,""targetCap"":64,""coefficient"":0.85,""statusId"":"""",""statusSeconds"":0.0}}","NOT_RUN","NOT_RUN","NOT_RUN","","","","","",""
"scythe_sweep","Scythe Sweep","STRIKE","/rpg equip skill01 scythe_sweep","","","MANA","8","4","0","","Connected input, execution, visual/animation and multiplayer QA UNVERIFIED","https://github.com/Graham3D/Hytale/blob/cd7cdbd0299de4bf18740b2cca08756b64b77f69/src/main/resources/rpg/runtime/stage-13-strikes-cohort-a.json","{""skillId"":""scythe_sweep"",""family"":""STRIKE"",""secondaryFamilies"":[],""allowedMainHandKinds"":[],""requiredOffHandKinds"":[],""resourceType"":""MANA"",""resourceCost"":8,""cooldownSeconds"":4,""windupSeconds"":0,""basePowerSource"":""INNATE"",""innateBasePower"":20,""scaling"":""MAGIC"",""strike"":{""geometry"":""ARC"",""range"":4,""angleDegrees"":160,""lineHalfWidth"":0,""repeats"":1,""repeatIntervalSeconds"":0,""targetCap"":64,""coefficient"":1,""statusId"":"""",""statusSeconds"":0,""details"":{""element"":""NECROTIC"",""height"":2.5,""actionLockSeconds"":0,""movementFactor"":1}}}","NOT_RUN","NOT_RUN","NOT_RUN","","","","","",""
"shield_bash","Shield Bash","STRIKE","/rpg equip skill01 shield_bash","","SHIELD","STAMINA","8","5","0","","Connected input, execution, visual/animation and multiplayer QA UNVERIFIED","https://github.com/Graham3D/Hytale/blob/cd7cdbd0299de4bf18740b2cca08756b64b77f69/src/main/resources/rpg/runtime/stage-04-skills.json","{""skillId"":""shield_bash"",""family"":""STRIKE"",""secondaryFamilies"":[],""allowedMainHandKinds"":[],""requiredOffHandKinds"":[""SHIELD""],""resourceType"":""STAMINA"",""resourceCost"":8.0,""cooldownSeconds"":5.0,""windupSeconds"":0.0,""basePowerSource"":""OFFHAND_WEAPON"",""innateBasePower"":0.0,""scaling"":""HEAVY"",""strike"":{""geometry"":""ASSIST_CONE"",""range"":2.2,""angleDegrees"":60.0,""lineHalfWidth"":0.0,""repeats"":1,""repeatIntervalSeconds"":0.0,""targetCap"":1,""coefficient"":0.7,""statusId"":""STAGGER"",""statusSeconds"":0.6}}","NOT_RUN","NOT_RUN","NOT_RUN","","","","","",""
"spark","Spark","STRIKE","/rpg equip skill01 spark","","","MANA","7","2","0","","Connected input, execution, visual/animation and multiplayer QA UNVERIFIED","https://github.com/Graham3D/Hytale/blob/cd7cdbd0299de4bf18740b2cca08756b64b77f69/src/main/resources/rpg/runtime/stage-13-strikes-cohort-a.json","{""skillId"":""spark"",""family"":""STRIKE"",""secondaryFamilies"":[],""allowedMainHandKinds"":[],""requiredOffHandKinds"":[],""resourceType"":""MANA"",""resourceCost"":7,""cooldownSeconds"":2,""windupSeconds"":0,""basePowerSource"":""INNATE"",""innateBasePower"":20,""scaling"":""MAGIC"",""strike"":{""geometry"":""ARC"",""range"":2.8,""angleDegrees"":120,""lineHalfWidth"":0,""repeats"":1,""repeatIntervalSeconds"":0,""targetCap"":64,""coefficient"":0.9,""statusId"":"""",""statusSeconds"":0,""details"":{""element"":""FIRE"",""height"":2.5,""actionLockSeconds"":0,""movementFactor"":1}}}","NOT_RUN","NOT_RUN","NOT_RUN","","","","","",""
"spear_thrust","Spear Thrust","STRIKE","/rpg equip skill01 spear_thrust","SPEAR","","STAMINA","6","1.1","0","","Connected input, execution, visual/animation and multiplayer QA UNVERIFIED","https://github.com/Graham3D/Hytale/blob/cd7cdbd0299de4bf18740b2cca08756b64b77f69/src/main/resources/rpg/runtime/stage-13-strikes-cohort-a.json","{""skillId"":""spear_thrust"",""family"":""STRIKE"",""secondaryFamilies"":[],""allowedMainHandKinds"":[""SPEAR""],""requiredOffHandKinds"":[],""resourceType"":""STAMINA"",""resourceCost"":6,""cooldownSeconds"":1.1,""windupSeconds"":0,""basePowerSource"":""WEAPON"",""innateBasePower"":0,""scaling"":""HEAVY"",""strike"":{""geometry"":""LINE"",""range"":3.6,""angleDegrees"":0,""lineHalfWidth"":0.4,""repeats"":1,""repeatIntervalSeconds"":0,""targetCap"":64,""coefficient"":1.1,""statusId"":"""",""statusSeconds"":0,""details"":{""element"":""PHYSICAL"",""height"":2.5,""actionLockSeconds"":0,""movementFactor"":1}}}","NOT_RUN","NOT_RUN","NOT_RUN","","","","","",""
"whirlwind","Whirlwind","STRIKE","/rpg equip skill01 whirlwind","SWORD;LONGSWORD;BATTLEAXE","","STAMINA","16","8","0","","Connected input, execution, visual/animation and multiplayer QA UNVERIFIED","https://github.com/Graham3D/Hytale/blob/cd7cdbd0299de4bf18740b2cca08756b64b77f69/src/main/resources/rpg/runtime/stage-13-strikes-cohort-a.json","{""skillId"":""whirlwind"",""family"":""STRIKE"",""secondaryFamilies"":[],""allowedMainHandKinds"":[""SWORD"",""LONGSWORD"",""BATTLEAXE""],""requiredOffHandKinds"":[],""resourceType"":""STAMINA"",""resourceCost"":16,""cooldownSeconds"":8,""windupSeconds"":0,""basePowerSource"":""WEAPON"",""innateBasePower"":0,""scaling"":""WEAPON_CLASS"",""strike"":{""geometry"":""RADIUS"",""range"":4.2,""angleDegrees"":360,""lineHalfWidth"":0,""repeats"":3,""repeatIntervalSeconds"":0.4,""targetCap"":64,""coefficient"":0.55,""statusId"":"""",""statusSeconds"":0,""details"":{""element"":""PHYSICAL"",""height"":2.5,""actionLockSeconds"":1.2,""movementFactor"":0.7}}}","NOT_RUN","NOT_RUN","NOT_RUN","","","","","",""
"brood_call","Brood Call","SUMMON","/rpg equip skill01 brood_call","","","MANA","26","28","0","","Connected input, execution, visual/animation and multiplayer QA UNVERIFIED","https://github.com/Graham3D/Hytale/blob/cd7cdbd0299de4bf18740b2cca08756b64b77f69/src/main/resources/rpg/runtime/stage-10-summons-cohort-c.json","{""skillId"":""brood_call"",""family"":""SUMMON"",""allowedMainHandKinds"":[],""requiredOffHandKinds"":[],""secondaryFamilies"":[],""resourceType"":""MANA"",""resourceCost"":26,""cooldownSeconds"":28,""windupSeconds"":0,""basePowerSource"":""INNATE"",""innateBasePower"":20,""scaling"":""MAGIC"",""summon"":{""roleId"":""RPG_Summon_Broodling"",""element"":""POISON"",""range"":8,""count"":4,""healthFactor"":0.25,""coefficient"":0.35,""lifetime"":16,""attackInterval"":1,""leash"":24}}","NOT_RUN","NOT_RUN","NOT_RUN","","","","","",""
"consume_minion","Consume Minion","SUMMON","/rpg equip skill01 consume_minion","SPELLBOOK","","MANA","15","12","0","","Connected input, execution, visual/animation and multiplayer QA UNVERIFIED","https://github.com/Graham3D/Hytale/blob/cd7cdbd0299de4bf18740b2cca08756b64b77f69/src/main/resources/rpg/runtime/stage-10-summons-cohort-d.json","{""skillId"":""consume_minion"",""family"":""SUMMON"",""secondaryFamilies"":[""BUFF""],""allowedMainHandKinds"":[""SPELLBOOK""],""requiredOffHandKinds"":[],""resourceType"":""MANA"",""resourceCost"":15,""cooldownSeconds"":12,""windupSeconds"":0,""basePowerSource"":""NONE"",""innateBasePower"":0,""scaling"":""MAGIC"",""summonAction"":{""kind"":""CONSUME_MINION"",""range"":12,""radius"":0,""coefficient"":0,""duration"":8,""damageIncreased"":0.2,""shieldFraction"":0.1}}","NOT_RUN","NOT_RUN","NOT_RUN","","","","","",""
"revive_fallen","Revive Fallen","SUMMON","/rpg equip skill01 revive_fallen","SPELLBOOK","","MANA","30","30","0","","Native source-role coverage restricted to audited Wolf_Black | Connected input, execution, visual/animation and multiplayer QA UNVERIFIED","https://github.com/Graham3D/Hytale/blob/cd7cdbd0299de4bf18740b2cca08756b64b77f69/src/main/resources/rpg/runtime/stage-10-summons-cohort-b.json","{""skillId"":""revive_fallen"",""family"":""SUMMON"",""allowedMainHandKinds"":[""SPELLBOOK""],""requiredOffHandKinds"":[],""secondaryFamilies"":[""CORPSE""],""resourceType"":""MANA"",""resourceCost"":30,""cooldownSeconds"":30,""windupSeconds"":0,""basePowerSource"":""MAGIC_WEAPON"",""innateBasePower"":0,""scaling"":""MAGIC"",""summon"":{""roleId"":""RPG_Summon_Wolf"",""element"":""NECROTIC"",""range"":15,""count"":1,""healthFactor"":0.6,""coefficient"":0.6,""lifetime"":25,""attackInterval"":1,""leash"":24,""corpseRequired"":true}}","NOT_RUN","NOT_RUN","NOT_RUN","","","","","",""
"simulacrum","Simulacrum","SUMMON","/rpg equip skill01 simulacrum","WAND;SPELLBOOK","","MANA","20","18","0","","Connected input, execution, visual/animation and multiplayer QA UNVERIFIED","https://github.com/Graham3D/Hytale/blob/cd7cdbd0299de4bf18740b2cca08756b64b77f69/src/main/resources/rpg/runtime/stage-10-summons-cohort-e.json","{""skillId"":""simulacrum"",""family"":""SUMMON"",""allowedMainHandKinds"":[""WAND"",""SPELLBOOK""],""requiredOffHandKinds"":[],""secondaryFamilies"":[],""resourceType"":""MANA"",""resourceCost"":20,""cooldownSeconds"":18,""windupSeconds"":0,""basePowerSource"":""NONE"",""innateBasePower"":0,""scaling"":""MAGIC"",""summon"":{""roleId"":""RPG_Summon_Decoy"",""element"":""ARCANE"",""range"":4,""count"":1,""healthFactor"":0.25,""coefficient"":0,""lifetime"":8,""attackInterval"":1,""leash"":24,""decoy"":true}}","NOT_RUN","NOT_RUN","NOT_RUN","","","","","",""
"summon_void_crawlers","Summon Void Crawlers","SUMMON","/rpg equip skill01 summon_void_crawlers","SPELLBOOK","","MANA","28","28","0","","Connected input, execution, visual/animation and multiplayer QA UNVERIFIED","https://github.com/Graham3D/Hytale/blob/cd7cdbd0299de4bf18740b2cca08756b64b77f69/src/main/resources/rpg/runtime/stage-10-summons-cohort-c.json","{""skillId"":""summon_void_crawlers"",""family"":""SUMMON"",""allowedMainHandKinds"":[""SPELLBOOK""],""requiredOffHandKinds"":[],""secondaryFamilies"":[],""resourceType"":""MANA"",""resourceCost"":28,""cooldownSeconds"":28,""windupSeconds"":0,""basePowerSource"":""MAGIC_WEAPON"",""innateBasePower"":0,""scaling"":""MAGIC"",""summon"":{""roleId"":""RPG_Summon_Crawler"",""element"":""VOID"",""range"":6,""count"":3,""healthFactor"":0.35,""coefficient"":0.4,""lifetime"":18,""attackInterval"":1,""leash"":24}}","NOT_RUN","NOT_RUN","NOT_RUN","","","","","",""
"wolf_summon","Wolf Summon","SUMMON","/rpg equip skill01 wolf_summon","SPELLBOOK","","MANA","20","25","0","","Connected input, execution, visual/animation and multiplayer QA UNVERIFIED","https://github.com/Graham3D/Hytale/blob/cd7cdbd0299de4bf18740b2cca08756b64b77f69/src/main/resources/rpg/runtime/stage-10-summons-cohort-a.json","{""skillId"":""wolf_summon"",""family"":""SUMMON"",""allowedMainHandKinds"":[""SPELLBOOK""],""requiredOffHandKinds"":[],""secondaryFamilies"":[],""resourceType"":""MANA"",""resourceCost"":20,""cooldownSeconds"":25,""windupSeconds"":0,""basePowerSource"":""MAGIC_WEAPON"",""innateBasePower"":0,""scaling"":""MAGIC"",""summon"":{""roleId"":""RPG_Summon_Wolf"",""element"":""NATURE"",""range"":6,""count"":1,""healthFactor"":0.6,""coefficient"":0.55,""lifetime"":20,""attackInterval"":1,""leash"":24}}","NOT_RUN","NOT_RUN","NOT_RUN","","","","","",""
"powder_mine","Powder Mine","TRAP","/rpg equip skill01 powder_mine","BOMB","","STAMINA","10","12","0","","Connected input, execution, visual/animation and multiplayer QA UNVERIFIED","https://github.com/Graham3D/Hytale/blob/cd7cdbd0299de4bf18740b2cca08756b64b77f69/src/main/resources/rpg/runtime/stage-06-area-cohort-b.json","{""secondaryFamilies"":[],""allowedMainHandKinds"":[""BOMB""],""requiredOffHandKinds"":[],""resourceType"":""STAMINA"",""windupSeconds"":0,""basePowerSource"":""WEAPON"",""scaling"":""LIGHT"",""skillId"":""powder_mine"",""family"":""TRAP"",""resourceCost"":10,""cooldownSeconds"":12,""area"":{""geometry"":""DISC"",""radius"":2.5,""height"":3,""placementRange"":4,""lifetimeSeconds"":20,""armingSeconds"":0.5,""impactCount"":1,""impactRadius"":4,""perTargetHitCap"":1,""coefficient"":1.7,""element"":""PHYSICAL"",""status"":"""",""candidateBudget"":64}}","NOT_RUN","NOT_RUN","NOT_RUN","","","","","",""
"root_snare","Root Snare","TRAP","/rpg equip skill01 root_snare","STAFF;SPELLBOOK","","MANA","16","10","0","","Connected input, execution, visual/animation and multiplayer QA UNVERIFIED","https://github.com/Graham3D/Hytale/blob/cd7cdbd0299de4bf18740b2cca08756b64b77f69/src/main/resources/rpg/runtime/stage-06-area-cohort-a.json","{""skillId"":""root_snare"",""family"":""TRAP"",""secondaryFamilies"":[],""allowedMainHandKinds"":[""STAFF"",""SPELLBOOK""],""requiredOffHandKinds"":[],""resourceType"":""MANA"",""resourceCost"":16,""cooldownSeconds"":10,""windupSeconds"":0,""basePowerSource"":""MAGIC_WEAPON"",""scaling"":""MAGIC"",""area"":{""geometry"":""DISC"",""radius"":2.5,""height"":3,""placementRange"":16,""lifetimeSeconds"":15,""armingSeconds"":0.5,""impactCount"":1,""perTargetHitCap"":1,""coefficient"":0.4,""firstTargetOnly"":true,""status"":""ROOT"",""statusSeconds"":3,""element"":""NATURE"",""candidateBudget"":64}}","NOT_RUN","NOT_RUN","NOT_RUN","","","","","",""
"bone_cage","Bone Cage","WALL","/rpg equip skill01 bone_cage","SPELLBOOK","","MANA","28","18","0","BONE_CAGE_NATIVE_ENEMY_ONLY_COLLISION_UNVERIFIED","BONE_CAGE_NATIVE_ENEMY_ONLY_COLLISION_UNVERIFIED | Connected input, execution, visual/animation and multiplayer QA UNVERIFIED","https://github.com/Graham3D/Hytale/blob/cd7cdbd0299de4bf18740b2cca08756b64b77f69/src/main/resources/rpg/runtime/stage-10-summons-cohort-g.json","{""skillId"":""bone_cage"",""family"":""WALL"",""allowedMainHandKinds"":[""SPELLBOOK""],""requiredOffHandKinds"":[],""secondaryFamilies"":[""GROUND_ZONE"",""BARRIER""],""resourceType"":""MANA"",""resourceCost"":28,""cooldownSeconds"":18,""windupSeconds"":0,""basePowerSource"":""MAGIC_WEAPON"",""innateBasePower"":0,""scaling"":""MAGIC"",""cage"":{""range"":18,""radius"":4,""segments"":12,""height"":2.5,""thickness"":0.25,""duration"":5,""coefficient"":0.6,""rootSeconds"":1}}","NOT_RUN","NOT_RUN","NOT_RUN","","","","","",""
"wall_of_fire","Wall of Fire","WALL","/rpg equip skill01 wall_of_fire","STAFF;SPELLBOOK","","MANA","24","16","0","","Connected input, execution, visual/animation and multiplayer QA UNVERIFIED","https://github.com/Graham3D/Hytale/blob/cd7cdbd0299de4bf18740b2cca08756b64b77f69/src/main/resources/rpg/runtime/stage-06-area-cohort-b.json","{""secondaryFamilies"":[""GROUND_ZONE""],""allowedMainHandKinds"":[""STAFF"",""SPELLBOOK""],""requiredOffHandKinds"":[],""resourceType"":""MANA"",""windupSeconds"":0,""basePowerSource"":""MAGIC_WEAPON"",""scaling"":""MAGIC"",""skillId"":""wall_of_fire"",""family"":""WALL"",""resourceCost"":24,""cooldownSeconds"":16,""area"":{""geometry"":""RECTANGLE"",""length"":10,""width"":2,""height"":3,""placementRange"":18,""lifetimeSeconds"":8,""intervalSeconds"":0.25,""periodic"":true,""perTargetHitCap"":32,""coefficient"":0.45,""element"":""FIRE"",""status"":""BURN"",""statusSeconds"":5,""statusIntervalSeconds"":1,""candidateBudget"":64}}","NOT_RUN","NOT_RUN","NOT_RUN","","","","","",""
