BODY_CHARACTERISTIC:Default	904b1aac30a77a139800a4f5.png	f085bbed7c59ab66d167a1c88202d41b6630458781da3c46535fde53c0449a18
BODY_CHARACTERISTIC:Muscular	3dd726021dda7da97f860540.png	1e3b84d3e9e917ed8aad7f0d603e3e72e580d33fc2a3e29e299c08f458396263
CAPE:Cape_Authenticator	c183e984d551c84eb19fe5d1.png	aa4db01dfee445649846d9316e7422ba43058c7f47552ae047740f3ff07b05b3
CAPE:Cape_Bannerlord	bfa412fabf999cc14d0468e1.png	edf4a83a023f5b4eab6f29ee00762bdc249d0416416e1175b393f5d82f36b05d
CAPE:Cape_Blazen_Wizard	89b8b2205c88ecbecdbc5978.png	8f4e2656125e6d31b1447fd925c43dfbf3ac8ee3968dbc6daa2ac621298e5abb
CAPE:Cape_Featherbound	59d51d231afa644ecdbc00d1.png	e92eacd175ef29068b8a11f92169f00de369335b13605fad445d4104d095a70d
CAPE:Cape_Forest_Guardian	4732ec8cda72e37a27f9ee17.png	b8b40f18ee4ae4d29c720ce9f55b2638ae58d1c2bd09dd5a3425c6c797407a59
CAPE:Cape_King	d89972fad143e61af642e0cd.png	bbf481070b5e64dc64133758e78d6d3069690677a5ff60b259bcb7265afa69ee
CAPE:Cape_Knight	259065c040627383adb7d97b.png	4f5ae58a674b73442f3433cbb67e2d3d7b416d7a2de059be19d752819d3477a9
CAPE:Cape_New_Beginning	0aea08301e35808dd209453d.png	7322f52f55cd39a25fd3916bcba1c79469e64cd7aa3a4f7b217e278d9a6dffea
CAPE:Cape_PopStar	724be033f23f2c36a6a66974.png	eabe2e377149189bb0a2afb4ca75e02e49cf9e346cf6502188a6e6bb0176cf6f
CAPE:Cape_Royal_Emissary	d15718ab6ef3dc3be5490ef4.png	888397a4c992a38fb3cc3bd989bef46b3b5cd86693e930a8e88c081c28c5e1f9
CAPE:Cape_Scavenger	4de187563e473781c589941e.png	23bdd520d6b0d8541835d47a323f071d68e268fffb70d4bec84e4c44414e5134
CAPE:Cape_Seasons	7ae28ba563baf1ac747635cc.png	1e087a46378612a932d67212fc1cb8687ddd44802848cdc707e44cb3d9cf5d6d
CAPE:Cape_Void_Hero	41286160f7c9224efec39909.png	0c1af0c9939136032115487249b2d8dac9cda91d816691d363381732ab56ac20
CAPE:Cape_Wasteland_Marauder	24a9e55117db246cfcd8263e.png	4530d3fb4fa58df46c45d1e12d5cfaf13ea5fb830546dc84d7abe0c9f6b66145
CAPE:FrostwardenSet_Cape	a14f11ef388fd46f6699f6a3.png	36f6c6076bcb2ec16882e7f1264db1c483756fe2e200e1b6fe2abf699767a8ec
CAPE:Hope_Of_Gaia_Cape	a50a6e68650f13f50d10bf9c.png	a692bbc4b3901ea3adeb5f875cfb749b2adb732a381d29f08f61c6490af14dc4
EARS:Default	22ac5dd7fa028bad0161394c.png	6a9a6fdd9b93b0b7965d519a4ef7a128536241e4a456d655fcbf236546ad4631
EARS:Elf_Ears	ae23e0b33931cd70ccc1a88b.png	75f362d2406ec781c442f3eb3bfd9024a7b78101ba4f02b93cfeb5a20ab129ac
EARS:Elf_Ears_Large	2bb27c130689258e76acdf0c.png	26c174a54fbdc1418501562679af8936f048aeba63b2df39a2210ecab88572ad
EARS:Elf_Ears_Large_Down	b6cb3e2443e9665165e2cad7.png	7282a54f76df088fb4caaa7b3d785ae9abe27ae5d4228e224e2d5af0efb4aa83
EARS:Elf_Ears_Small	fb718d1946946eb7b60ef58f.png	23d72313c631f60dad48027c51cb0ce881ab6a7ec25a1fdd7a0a587a7624aaaa
EARS:Ogre_Ears	0b5833c39e394280c95d0cf2.png	3972fbce6d1ded7311346981f9f1570db927a55cc6c0c2a0ec2c15b8417806b6
EAR_ACCESSORY:AcornEarrings	294e968a591bcecd77a7e8ff.png	fcbe7167ef47f100a5072326fbbefee22cf5ea65b2f5fa9a55dcaefe11d9cd5e
EAR_ACCESSORY:DoubleEarrings	fa91009b8784735f54cc9e34.png	647afdbcd5ca74410dfad469f69b0470a0130b07155632c20c8458b2efdf5e9f
EAR_ACCESSORY:EarHoops	6a361298dcefa8d92b3ee176.png	033c6ecbc3ffc1f280517aa64e5280ca2f4c0e8c2c94da921d27d12c60b4cc72
EAR_ACCESSORY:SilverHoopsBead	bff969bc3b1fa9b5f2df89e5.png	857d4a208e5bffa23b043858c9f23fa70ba911b0ed5a6849648a9c61a09d3d1c
EAR_ACCESSORY:SimpleEarring	d58ea990dfe31806d49e5693.png	591be797248b339c62b7bca7b0c0409f5180a6ebecbaa92fbb75f0f817c30539
EAR_ACCESSORY:SpiralEarring	aec42b681802a4992568dfb1.png	8ee8871b8ba7bc122f2dc94db9d5fdb992d1cddcf80c1d67c6ffc01763a35162
EYEBROWS:Angry	e99f7975ac2b2e462597f56e.png	5b541bee594a89f32b252275a98fc32ae344feeb6d5e1943a3b0be42744fa3a4
EYEBROWS:Bushy	e06423fcf987868f99854a26.png	175cb38b0620b7b618b216cc5fdf41820b0e1fb5d5bd11e856ed31ffd05ab98c
EYEBROWS:BushyThin	964e1038f1f7aca0e1e03d97.png	9ad7a4549c20676a3b134b38f1cdbe176f55e2aa87891f995b7dce14497f86c0
EYEBROWS:Heavy	98757ea59bb7131f330fae55.png	78a9ca65417fc1bf4976833e80134a4394440afdd8370741791c979110b9e11a
EYEBROWS:Large	a9301451088e9f1389199b32.png	b4ece9961278d88c81a1bb0f3d9e5915ebd1c453db799b24f5663cec75fb6869
EYEBROWS:Medium	18d033bd0808f2b782f62858.png	ca7b5caf2c63eb653fd4dd6855b2e92e90e1b44264663c8987e31d7942f1520b
EYEBROWS:Plucked	ae14c09e7607684c2416aacf.png	1d7e723663eb378c4b445672b4e8a33fd5af459268bbcf36a701cef054f8a538
EYEBROWS:RoundThin	28f5445f8a8936f74c2463b3.png	d67a231fa1ac2af8582e956e2fb7cf2dcc1e8850013a19d73a2d0444ee6e24e4
EYEBROWS:Serious	f82db4ff55ebf3ea5fa84beb.png	aafe71a93e6b472d2be48758f01739b964c4705eb6a06144c63e792217882abe
EYEBROWS:Shaved	587e5cc11dc61bdfd0e214a1.png	5af255aa479582a483d378a2e0fb0d250babeeb1e6344b35436d3c71c7ff18ca
EYEBROWS:SmallRound	d1a6503b08a31f82c464bc88.png	3eb2fefbaa2deb351f84f8a519d9381d2cf2dbf7e455428653ca1568423d751a
EYEBROWS:Square	2aff794e3fac0ca8346e3094.png	b841634c6cde124275d508c2907d4d86b94d52036923ddb58aed9608c808fe74
EYEBROWS:Thick	7f6bc79900c8a9412f0b46b2.png	9b90821a2fe2fdb27b8ea44ae50dfbe4935a47c75535fbbe0a17f6838e2c2452
EYEBROWS:Thin	3a4ef7a1e2b712e918fca909.png	4da927b1c42520bc4fc4218719b6c405f411191bf38586ae4470f97edfd53d2c
EYES:Almond_Eyes	1de8c23dc59fcb1ddff334b6.png	664108b7ba1669e03579b84810130b12a26576a791211316a607b7ecb50c2593
EYES:Cat_Eyes	43b222d22dfaa50a67afb7fb.png	5f8f3da3ee837454d92842ce1316dcd63f8a15cd77f2f3428c8ccb5aeb598cad
EYES:Demonic_Eyes	3b941fc1e998c5e2b70a67ee.png	8f977815ef2d20c0bea8d6277ea43ca3ba87cdf88c43d18f21607f53f16504b7
EYES:Goat_Eyes	ddb6c00d6700066f0d4b7a23.png	685c0335880b5b41d79b95879a0f2888795918d1dd042930037b17675e4ed134
EYES:Large_Eyes	675fbd3f3b1dd3a1559a859b.png	6a63c21240f710132af238f0a3562898533bbe6d5fbf9111e81022d57ee8124b
EYES:Medium_Eyes	956496df91a4f9f19c29a855.png	ca7b5caf2c63eb653fd4dd6855b2e92e90e1b44264663c8987e31d7942f1520b
EYES:Plain_Eyes	4d6efd4c36fc8ac901444056.png	1bdf8d0fcaf31c67f45d8e40d8fc08e6b060cd319afa6b3e825755a3caecf55c
EYES:Plain_Square_Eyes	5c2c5cea66b668abe41dd2b0.png	3013503ec7aa8d343f5355cb4ef6ef2ea104b01ab69e1d7da16ea7169f8e3ade
EYES:Reptile_Eyes	396bb47bc4e72a7e2d7ce4af.png	6ae6b721b3d5af53c4601f8869c74384e47203946bf7c771f1afab7b6ae1523c
EYES:Square_Eyes	ed3f28c53c7e816d27cca82c.png	c8d05bb4307904dd0178f42be474b4aaffe305df3aa9c62296f94cc727fa26d1
FACE:Face_Aged	b301b788c7c50abca74ecfde.png	f8e7cd73ae02431c40a3bb0c9a6e4aed4595e370a99f753008bbc10b7a8acb69
FACE:Face_Almond_Eyes	44156b02c98729bda6a66de0.png	e58e992376200fe8d612ddb49f13fdcb47b8d51956fc90f9f33b1ca7cd5f8505
FACE:Face_MakeUp	8951e684023f4bbd3d58d0e7.png	0550eecb7479c357bc10b29c566472101575c2cb798a99bb05886af2b58ac4c0
FACE:Face_MakeUp_6	1ce02f784497ab28302dcfe6.png	cc63aae39ee479fc62d3cb216bb4ea82ad288456d563da5859d1f2aa6364fe67
FACE:Face_MakeUp_Freckles	6998150d02488b4823991933.png	e64feba4387f64ec2be0c429d0411f10e77fee7d77cf6c3b017af9662bf55be6
FACE:Face_MakeUp_HeavyEyeliner	b2f38c6613716d788d52a2d8.png	2a90547b95581d2c2582df9abc537b4118593b067ccfabb897239404522fdf70
FACE:Face_MakeUp_Highlight	32ebac17e1b1c0bc8c48d976.png	646295982b0dafe77bb4d12ac24d57272092ae3d7e7d325909a26d3cf9367d9b
FACE:Face_MakeUp_Older	753e166daa598d911bd6edcf.png	e8d4480f096ff001f6633c90bae088065966f78e6d1d803eaed51eca4398ad0c
FACE:Face_MakeUp_Older2	1f13dd831cf39462359ba9fa.png	4c893fc179a3302500f1b4c659fd19ab5482a8896fe9343c9de1b3a694a50a72
FACE:Face_Make_Up_2	fd02f0947a420bdac7eb66af.png	21c26eb9af12b18df94819e34fee0fd7e6984b01a51765d0bb29ade4055ebf32
FACE:Face_Makeup_Blush	3b484886c6f46dbd6ad10b9f.png	ec9e90f3c02f2af5f0601a5a4bb263d971a122b49593f209fbc46cf983e5afb7
FACE:Face_Neutral	7da4bc5ce1dd672483cc1c10.png	ca7b5caf2c63eb653fd4dd6855b2e92e90e1b44264663c8987e31d7942f1520b
FACE:Face_Neutral_Freckles	4113e7de5e99f2fa2fa2c62e.png	83f56e9009a709220f59e3419331d2c9a80f20c8fe5a96aaba8722463ef2b4e0
FACE:Face_Older2	877ab16a7cc29a40802c2786.png	f0624bb258957495d39777b72d37c09ab4cf22e9adfad86dd3e3db3af7a6c06b
FACE:Face_Scar	bc522d3564e2310131e20a0b.png	78fd3506bafcd4f80b6fca91b751f723070e13aeb623184a2e888d18dcc4b769
FACE:Face_Stubble	ba3f524d459637717b2a0e16.png	77db66e0fc286e980580aa2a76c041023782efb5608cf25c97ff5c359e3e27f6
FACE:Face_Sunken	199635576ba39239db8b06f1.png	4d6b3dd52e7e3b72eb1e873659e49ccf05a430339581e2a8de450c5323657dd9
FACE:Face_Tired_Eyes	0526e96994d371f0362de17a.png	2a28f02e2855edad935bdf3cba432aac49acc1cd5758c9a5bd9142cec022ee0a
FACE_ACCESSORY:AgentGlasses	e21ebcea7be39bf9ddf69933.png	a33dd24f345c0c4a9684556ac8d4905eff185de1910d7bee963e2fd2c440e8fd
FACE_ACCESSORY:AviatorGlasses	3e301336cacbe2713bb9f23c.png	4f047d1825596c2c98c1eb88f50b2f9ef84f4f26c5005743a3efd5275268c868
FACE_ACCESSORY:BandageBlindfold	66177528d42508930c7aec95.png	d4d29e1b22044bd2525cd202519ea3d59c9c5980c9e51c3baf3d95180e37cc12
FACE_ACCESSORY:BanditMask	d060f48911cad86776d2bcfb.png	e2b67aad8150a34e91d5be6a59380c328bb9e9b4a9c986761176c0bb91bd0a1d
FACE_ACCESSORY:Blindfold	2c46e79b02be680f0e04f4a2.png	d84315c6e45006d80aa723551ae65fc5dd43fe6700a48a17f84e149adcdf56d3
FACE_ACCESSORY:BusinessGlasses	ec61c33deec8b7c6485300f8.png	5ea0035516a632db961a7e22cad9efa356fee0ee1323c4da29bab0e4c8f6fade
FACE_ACCESSORY:ColouredGlasses	f3e06259d50c552062225714.png	4e9d63d2d542a31f165addc2c22399316e177bb9fb67731d5d752088c40a4c0a
FACE_ACCESSORY:CrazyGlasses	e174e8fcd33e0d9107222ef9.png	7d4bacb5ae7e89e1a77b21277b642e8aa56cc068e024c3453955eed492b85e06
FACE_ACCESSORY:EyePatch	a33ce1d5e8606f6fbce89205.png	64a496887d694412150dba3baa04fd816acceb47eba108d779c2241079da0923
FACE_ACCESSORY:Glasses	ab4c1054b32bfeaab5fc0cc0.png	988021a479273d15016dbb4d971f0ee2e46b56da18b8d5c887d7445781294309
FACE_ACCESSORY:GlassesTiny	919cf1a83a57822e11561424.png	b619522551fbcf0ec507b24ce0af2e37a507737730aabdad39cdc117ad2369da
FACE_ACCESSORY:Glasses_Monocle	7252abbb9311839101645b73.png	c2be2fb8d8e2fd10de1e203149752e7a27afc0f40b77bd1226af5cfd1aae6200
FACE_ACCESSORY:Goggles_Wasteland_Marauder	46ea73ababfe63a74294ef31.png	c094b71274a2b7e69bf21a693bb5ebd2b02a694eb8cdf0c3a66a9c4b982155ed
FACE_ACCESSORY:HeartGlasses	92f50617848b7c569d495b5b.png	1f9285477af79ff91daa6147811bb6a6922e75b25969582703baae9223aefb37
FACE_ACCESSORY:LargeGlasses	b189e6ae96d1f5a49b8af254.png	1b0c4d50f0464fcb54463470089a463201e695ed88a0e952cfd107a2560b40ca
FACE_ACCESSORY:MedicalEyePatch	7f9f240e562aee8509d3b3ae.png	aca4379850541990cf39883c07c35a8e4ed1f24e1b07870b724fa95284f13406
FACE_ACCESSORY:MouthCover	e3a9612bac798ca0d93afd04.png	b347537f3f22c41382bd06376d7ce91dca7306e244888145150b24054d99f4b2
FACE_ACCESSORY:MouthWheat	237f1b935af3f9e91e7a9a4e.png	6f6e725ed6368c9429a4d8d1c9827e31f61bd1b37fd1d564a45346447b15102a
FACE_ACCESSORY:Plaster	0ccc2e434895948420aa5990.png	74e50597d3ee995fd5ddacc0ea9964c33c75bf941a25bb2dd589ae799d7b7394
FACE_ACCESSORY:RoundGlasses	6d77d0403152c3a5140cbc7e.png	d34a1010102e5b47fd326150d3fa5d475ccd67c39a5886f3c450dec1fc5cba59
FACE_ACCESSORY:SunGlasses	938488c7941dcf67c75eca86.png	bba3b1a61aeb096caa5a126267f7105bbd0f507207475a4d1dd5c132617df761
FACIAL_HAIR:Beard_Anchor	b56b3db7ded09b219075ece1.png	0b7c6149fbbff7394cc15642a8011522068dcf435aa9e851ca36fccdf840e05b
FACIAL_HAIR:Beard_Large	b19c2233c2c795513d5e902a.png	d1d678b9f1d3009124e7ecec92de68db6bebd1d26e70dfcdfe4661ee9d0f5adf
FACIAL_HAIR:Chin_Curtain	5d16ee7b15da3639104e786f.png	83d94131229038c928f5381a440c70397e5c1ab97e9fc1f51d75e36ad00154be
FACIAL_HAIR:CurlyLongBeard	1b59e02fe867bfe0dc58f46d.png	22fdff76242a1b373c5b3ff53a9a032eed5fd319edfd966f78b73f1c03ed9d88
FACIAL_HAIR:DoubleBraid	a45682005e600a6006280cd6.png	3c68bf5e4e544858dc4465d2cad96828cf6880ed02a09816ffb5a8d9fc2116ac
FACIAL_HAIR:Goatee	44ecbcc404f7612e18cd6262.png	524c172a3b5c69640c9b312f514096d10ca633a298d55a10090616fad43f54bb
FACIAL_HAIR:GoateeLong	0b4f592b9e83517a983755fb.png	cfa61608b7e727b3d4d98230ffc5172ef9e808a389305b8b2e2fc85dcd88a511
FACIAL_HAIR:Groomed	f9436ac0b8a5820afba02f9c.png	2c6d82fb52a72977f5eeae666a4bacb5d98c2fbf404e9e2c0f1a83ccf6282d42
FACIAL_HAIR:Groomed_Large	f438ad09ce6ccfd7c647d04a.png	ed319561171be8e7bf1b10d2c1bd45423a91b08cb17f4c9b80d6a51667b60ce0
FACIAL_HAIR:Handlebar	fcac7ce0377b1144be968ff3.png	eb692ee8b177a53ad1f056a3d9ec846ef124a23b911cb044000abf31bc99d945
FACIAL_HAIR:Hip	94b6f64d688f704b3d6b374c.png	d488096dd5b5b046dfbb364ac63582f8fa06f6373a5a4d0308a331cbf0defa23
FACIAL_HAIR:Medium	80c542f0e5021ac8f44fa42e.png	17c068e653847fde0d41c6ea75b4a2d52c3a97966325e7e4424d45b5f4f5f932
FACIAL_HAIR:Moustache	edf584297409b690c7e6f8ae.png	007cfa3ea478755d6013dd9aa1288141e91d11c059a864f7b2e09e3463a46589
FACIAL_HAIR:Moustache_Split	71845fa99a7abcdd909d2748.png	44ea3391ba9e643e63d8ae2054e4aa4e7fa07e7148fa3692cffee5d74e26a466
FACIAL_HAIR:Moustache_SplitLong	1b1c2ebb41d8dc759de0f74d.png	9af7e2429f70fe874e6cb89d46d3382d035762909e423b62db775815449ab812
FACIAL_HAIR:PirateBeard	0c9b5057a5a126fd361c6659.png	3592cb3030a090349e77c3ce57e5dac52a4c8b359dfcfcab5ea27f55191ee790
FACIAL_HAIR:PirateGoatee	9188f55c6b3b364f64d80617.png	a9ab8f852ea9e926145efb688a4d78b5d9d3af72c927038d0e9c028a41c06aeb
FACIAL_HAIR:Short_Trimmed	45c50c2c1dbd4ecee3595c57.png	552145dcad9e37230b7266682fc7f36b50d338128100e6e05114cc883e2dc8e0
FACIAL_HAIR:Soldier	4c9e72f634e0759fb1f1490c.png	6831dcf88b78849abb10c309f0e8c689e9fd59ee75e8e577d7fed8211397015a
FACIAL_HAIR:SoulPatch	c064c3c6f8523c42f6e9f209.png	34e231f9ced51fddd9c5fb87fb4fab9d3a3c13c8d89b7f981e582533184af1a6
FACIAL_HAIR:Stylish	7a8b30662a2314a4e7bad9ae.png	404e55267309b75f5cbf066081aed9cd255f5197f341544a51a57477f1dd4727
FACIAL_HAIR:ThinGoatee	8101b967ef48f583e5993167.png	3eaa602b94d3cf05b7f315ee0ab12054c9904a08076cfbee0acb7561af3a3528
FACIAL_HAIR:Trimmed	191279f30eb82fb0423e4b0e.png	6ce054af71066ab44edb584e33ea536af8e12058384e6905b109edd6cb0d0b05
FACIAL_HAIR:TripleBraid	b0fbbf5fe9d68dbeef7d9f2f.png	74e5dacac946f21fb8ae2fb4f5d344bc24b1c7fb4da9289039c2f1ee021ae435
FACIAL_HAIR:TwirlyMoustache	6e221125080f42d84f39b092.png	acd2b07c0d5365e0a6054b6e426fc39700639d6684337a1eb6860784a4b5290f
FACIAL_HAIR:VikingBeard	e72a15df3c008cc0cff25767.png	c6016c7f2b72feb86a293196de65ab59818078a632f601ec6549991eac64510e
FACIAL_HAIR:VikingBeard2	f8fc9d0d2b982909d2b6d938.png	1d406c98b115606c852d9d3ca5f4c96edc250024faf1b72ea31af36b1d7c71bb
FACIAL_HAIR:WavyLongBeard	8ac0bfb68f6c452b1ba6afb6.png	023c420ee1d77d96410716f437348848db9f694e768e71a98a032ad20fad9e32
GLOVES:Arctic_Scout_Gloves	d1b88ca86f1416af9e5d5a35.png	225f0bc63328b56ab658398c49d140a2cc42cea4e695b1065813b8dbe1261596
GLOVES:BasicGloves_Basic	d629660e8e93e770f4ccb349.png	d234da38dea7ce8bd363172848f65288da64d56197542931a6d27e52d5137698
GLOVES:Battleworn_Gloves	d61e8b2f80af1ee9b82193c8.png	5d08f7b54b7028c6b5efb99b9351dbb30857f3931db8ebf2dcbe2eef30dad87d
GLOVES:BoxingGloves	b0d8ba3d108d8ea3d1f01471.png	d1c8777d464214a9a96a3865ddeac12ce3dbba06a83bd3fa7c180732208f28cd
GLOVES:Bracer_Daisy	7d598e005be3ee06c7077390.png	01c33a2492e2c6c6247790482fa4571259b7406cf2d9498837d2399487914cc1
GLOVES:CatacombCrawler_Gloves	b4216436b7a20dbebd940bd5.png	d32bd3eba983eb26115bd05a1503f159a556ba9c85e7ee89393ab6532f0d13c6
GLOVES:FlowerBracer	84e7bec1440416e62f94a839.png	bf3d24e52bf94445173f0e320b5ee60611a46f4da290f02088dc0aeb704210ef
GLOVES:Gloves_Blazen_Wizard	2de14b29f079acf57eb87a35.png	77f7676f8fcc9027868ffc3153938de568557e3f0bab004e62a926cc41f012a6
GLOVES:Gloves_Medium_Featherbound	668ca6682bff80689b836d37.png	6350e4d864f2ce921b3e4fc01f10aba74238a1d9647d0859030e886fba4e32ce
GLOVES:Gloves_Void_Hero	06855bbd0d08fc68317238a2.png	5e42642fd832b1dc8aefec93a8d16a399d30abe3a2163c5b0faddc4441394eec
GLOVES:Gloves_Wasteland_Marauder	89eb1439400c3e332fd0edab.png	e4b49c4fea620a586e66cadd19df202bb11b2ecefa7d363c353d23eeba248ffb
GLOVES:GoldenBracelets	522b1c4d582d29c008cc2ef3.png	458cd142d1f8191933989510d8ba3a570c26c7b3470c77e4d11a8454687f5d29
GLOVES:Hope_Of_Gaia_Gloves	d123ded25c23f47b0e03177d.png	8dce9db5ce85dfda7f12dd879401e0e05ac45f7f8c4cc4a5787c268c5a104f23
GLOVES:LeatherMittens	b851a2967b881441f4400303.png	06996a725dda2f478d9766ab2dccdf43e47c70189f8b607746468482f10646d2
GLOVES:LongGloves_Popstar	583be58fdd2624a8ae5adb05.png	55890f8888135ec01b728f8a328c917473c6dfb5dda16181ec348aaabe33a324
GLOVES:LongGloves_Savanna	1416d0bf576d35f9c1269111.png	5ae085a5a4ec09425b276e7b3dbd9baefc0fc3c5eecfa997d19c2f07d15036ac
GLOVES:Merchant_Gloves	5b8939e8ee5577f66dbb1657.png	74d8316de86bf7a8e57390663f062d904f58a5a69a9a7de746f5382abf47dd25
GLOVES:MiningGloves	805e78a30c3cb894bc5ee383.png	3a8974b83d942371255b659d2c9e900df98e28f8c6e82575d543d8669cd189fc
GLOVES:Scavenger_Gloves	400ab9c26ecd4de2bfc1c8fb.png	ca39cfa986e0cec1c801ca04783cff201cb2feeeaba669ff1bae814dc156e65c
GLOVES:Shackles_Feran	6e8e1327fbc64d0e18911585.png	8c839448807c4706c50f3476c8f117c484efa1c378009788f642e80b3b56b51c
GLOVES:Spiked_Bracelets	7ad5e751ddd38888ca60cac3.png	2c0fbb38035fc3d04a8429362020edea45040ffdb9931c56a3a7280a860e41c5
GLOVES:Straps_Leather	356dd47049f373166984eba4.png	b70bed429d05d229857932ec1471a746d27e0c03a4073168535431df48952888
HAIRCUT:Afro	6d8ae4434d61d6d3313a3f1e.png	6e152d75a2c84bf5c1cb3235eb8f87e678ccccbe3997888ab9d2fdd3a30f2065
HAIRCUT:AfroBig	17912718882adc2d6ba1cb94.png	cf78ab9fd781ef4dbb4036d06a1e5a29e24a28e0d603829d2e02fc1ffcff6af8
HAIRCUT:AfroPuffs	a2b89c6d5b5554f50253e4c0.png	c131258d96d1f20d95a8bb8d4b1715828030bf20a09f4b860f4477d1fa7ac546
HAIRCUT:Balding	05c3018e90a700a563839755.png	e9238faf8d0388cbd10995a5d4ca264895b5381b24ae4dc2be0c100b4c0a61f3
HAIRCUT:Bangs	3383f643ffd6ce5f4cf98a8a.png	d7cc781a73e3bc87fa1f0f5e931b1fa88f89a1c38ab093db62589c5018a3f9fc
HAIRCUT:BangsShavedBack	ed734b8d96a1691bc17d28b2.png	73c8827e63a78b7006efd4d364799b3ca08a8af5c514f1472091c39feb120fac
HAIRCUT:BantuKnot	425fa1fca9b6588b493fc7a3.png	8761fa3216adc5dd7957cbc6dec552f75c9d704a24f0929697d6ef9994eaabe0
HAIRCUT:Berserker	be55faa7b15a4d64ac183a7a.png	b351db1f23fb32875ef327620062ae329f85aa0c94fc3013a48bec9e51d26f3a
HAIRCUT:BobCut	42f75f9a7a9e688be648c945.png	d0c0364b03f2eeb3b894c6e0aca143cc692c1473026e54bc929b7051c374d9ad
HAIRCUT:BowHair	02b134c4d136800bd4b97d0f.png	7ec63e8446079d1f10025c00ea30d3b4a0cb7096d35b1c794640d84fac6b4781
HAIRCUT:BowlCut	f94427d299c798be6f1bd289.png	4b2464aeb1eaf1d2258dab1e6fd706b41d955e6ed0b7a296ba3a2657423f4848
HAIRCUT:Braid	94fa6ade49e66349e1d2f473.png	9d1750077a88bfb573f5fb9a4385524e1ac29032bb6186537fd508b57bf7529b
HAIRCUT:BraidDouble	92b4e6ea46c5b110039f7ed6.png	8872a575e54681df1b7ece66c60cd0e8f7029d450672c74c8151be541fb6ecd4
HAIRCUT:BraidedPonytail	fa47c000e5a4f9baf46d6e4c.png	3b4938e473a2cba966a1dca32d1e00d8a5ea72e6dbc54fe21720a1c07c9db3fc
HAIRCUT:Bun	25777e666c2c14a1f9d080c9.png	1c91e4481d6c6eefce8e5c0677425130ce45828762ccbe271094e65d51e471da
HAIRCUT:BuzzCut	7970b87c83cd4d9826247a08.png	48b68e0d9507e1030e54b500856b44f9200c9a5b033ca1b21f9cfb761c7b317d
HAIRCUT:Cat	db7e01a314de6a4fb8b36359.png	555494626215b0861a0b45c96a3d11ba59e80d2d63ed25f33c6ecc5ba619b024
HAIRCUT:CentrePart	31207c2d7ab3c59dfb6d6f1f.png	157d692048a835ffa3a3dafce79a5aaf5d64e730730ef962a27c577dcc1b63f7
HAIRCUT:ChopsticksPonyTail	1c6aeef6576563cea727737e.png	cf161f22cd360f724f37241b127e0e9f15e511bec465158fdfe0f5ccf4fe175f
HAIRCUT:Cornrows	292f90316a077db19897c92e.png	85324ce6259e8f2307087960b755f93936c3fe82c1b6310a0a090ae381b59cf4
HAIRCUT:Cowlick	842d4c1f64b6be98122ed383.png	47eb8a1f1a506ecca3c8519729bacf34149aaee13e078a4b4d4d066979194f6d
HAIRCUT:Curly	df3a775177a0d4a81fae6bb5.png	0e896b2d48de697b7779bc91249ff9809b7055894887d05577c0dc27d5052ebb
HAIRCUT:CurlyShort	26f5ff5799115305fa5b291e.png	e33e1692ad947aededd32bf2c2df78c9ff6d7844b407f523cbf2a660ec795554
HAIRCUT:CuteEmoBangs	cfc2e369757eda206c2704ec.png	b5c2f4c59b11eb85d2c699b5a9e6446c8bc998bd4e0c0e8129f2e18b53408cfc
HAIRCUT:CutePart	80a4b4473bda701f87655ac7.png	3c2c6253ea733db753bde90875d211d5124de7da6561e29d42647c4b1668a2a1
HAIRCUT:DoublePart	cbd9422797b6ee978657a0fb.png	053428862bcd8f19c6bf549cfe423e81521bf02e43f0763265e3d6c68a27920c
HAIRCUT:Dreadlocks	348478b4026861e9885554d8.png	b75c303fbb8bba88184bdab97ee9fecdae5ac72e65ad3f0497b43cf634ba8eb4
HAIRCUT:DreadsFade	45cd91ce36bba629c280cc16.png	18611c25c13352bdaaa6e451c0077fee1f946d4198fd604c37124eea0d8c57c9
HAIRCUT:ElfBackBun	959e00f7d6d1b4560c962c66.png	a9a4e861ced825ff08d9b7f3e46776d49724b9e64055e9bceb69199a6ff6c5ab
HAIRCUT:Emo	0d18a41f76d5fffb60db1ee5.png	30887d6a9725d638ce0acaac8a5d46eeb9291fa7a469d32009f0c205b5b53eac
HAIRCUT:EmoBangs	7aa7963aa6e790bc7fc50194.png	a6e8636b2d0690e8b80c232847c693e451e54829edffe9521df9570617a97a2b
HAIRCUT:EmoWavy	5c1d8968da4dafff6068de02.png	b607afaa7a5c276589971df089b01640bdd4ffbfe993e3aeea601b8048db1ba8
HAIRCUT:FeatheredHair	166e3c2cccf0fcb4a28fbbfd.png	7cd0cd652e9722d86609dfc13a1d917ccb7338e9ce086ffcdbfb86723ec21040
HAIRCUT:FighterBuns	f6b90a8623ceb5937f8ebedc.png	026d12ce2ca4331895242196c0695d1d499458301ca7d669ff48fb6b5512ab95
HAIRCUT:Fringe	0ea3ef6cc7d9330a0d287a84.png	1e196bf392c653ce130af8f5ef4a201e1bca9638516bb6a828e3867949eb0553
HAIRCUT:FrizzyBuns	59fb6de18efabe4b4f97278b.png	1da60d8c674c5f27090158086a7ce7d7a0999bd6bea0df8a268f4044d19e9abb
HAIRCUT:FrizzyLong	4cc76e70ec5b61b45d1546b1.png	5933d9bf7fd8396baa0db04b1135fe9a339748b62367985b458af11de5003de8
HAIRCUT:FrizzyVolume	7e35ba90a63890029a599547.png	abd5d3e91db0cdaba489a850d18d924b420c25400e12398701a2af3609d591c4
HAIRCUT:FrontFlick	7c20b64b0c6a50e0f10d8478.png	5baa0f72fe7b3d7f82e65780e16ac250aec916a635686e882c2c2f0be7c7a77e
HAIRCUT:FrontTied	e79e2c036538def82e3d0f45.png	44a56d3e7e2b197a8de0c4a8ba115162b0c5849a7acc43de061835646a9b1ebb
HAIRCUT:GenericLong	b8ea5a5a66dc3e3f0ff8030d.png	bc730f70cb5950f24bb548d533eef81856e33a1d5292072cb1c2327624bb2cc4
HAIRCUT:GenericMedium	ba4e86f3f78a5104656ac693.png	14c00fa2dfa966b95fcba48611d39cc737ef0ccbb0db86e39eec0f9025cebdef
HAIRCUT:GenericPuffy	daafbfbbd4c55ff5ca351bb0.png	3b2c049db5f5e2db00e50e9faf57ded8fe0e889e64bb93902600aea5c0625af9
HAIRCUT:GenericShort	957fbde7dbb127fe136c334a.png	8514bb1ca45a011e10c49c63a1507f518aadac0bf0bc2d0742226bee0672db86
HAIRCUT:Greaser	3039eea6c05ff21332e7d326.png	850303690339c4d079fa57bb1fe52cae8c748306e526c5514fd629020eb0db8d
HAIRCUT:Lazy	47b959c67496bc2997f119bc.png	3a8d87c2682539cd5fe65c0057dd1ffed775322010ce6802cd7fe5f00b7c8de6
HAIRCUT:Long	8b05ce205dcebc8ab3ecb6e4.png	1c081d3f4c767171f33d91cee4169f86c2e68792ef0a8c19393a3a9368e207a2
HAIRCUT:LongBangs	019cebc5fd0479f3ff29f27a.png	1bc6a921e62f60b6f2b0f81dcce422a980732408fe3c6b6eb7e194106c763d18
HAIRCUT:LongCurly	394f209fa4810a265b5b42d6.png	f7fd39ae3f49a283f9c50050afa9572bacd9c5c2cb51155cf5ab80d70656f2e0
HAIRCUT:LongDreadlocks	c80d75fc61cfd7e36e1cca26.png	dac73f122df94d5beae0133c08033e97be7c3d19f75e8ed9f2e7a7d8e8543d87
HAIRCUT:LongHairPigtail	14ac22c52a08585ad4a914c7.png	42081c919f72562d79e24d34a46b123e7d2d9ac0dea2c75fda0ed7d4545d1d13
HAIRCUT:LongPigtails	cdab2a601f7d52f4284f3895.png	c002b7e0004a7a00dc4ee96ba987df698a49cd01d8ed91756aa237055717968e
HAIRCUT:LongTied	b5ef61eca76d0edf39650e44.png	76ab03d4c4551ace56c53ade1152a25c69fc71da4ce007207bb7bd0daecb49fa
HAIRCUT:MagicalPigtails	969a98e91b42c722322c1414.png	e09f17b4bba8012c37f674b6fa3e209e17bda604eb2f94cb25e7400e6261ac2b
HAIRCUT:MagicalPonytail	d8f52dc823cfd7a13f09e850.png	b510ddb443f80cfa3e603d9a9a48a8c14dd700c9c4be771065af6f141562be48
HAIRCUT:MaleElf	216143d9f0e2d2ab59139992.png	d5959b0b8679bae7c466bb8a0634afd9ae20ee9d23071b93d7eb46243826cf67
HAIRCUT:MediumCurly	5c406bed1349d4a4c98e4e77.png	3a644dad18aa5eeba7b1e4c1cbfedf2f4c88db0f3a0a1d23ea5035602a05feff
HAIRCUT:Messy	2b6d189cd2b0c36502d8ece2.png	de9b7f956a776aefd5979763e5524330d1fad191ddb81b60a05ed4ae19b866d1
HAIRCUT:MessyBobcut	82130220a11e9ee508106b54.png	864c37bc1bf9150a8069f8057e5653f6ff3e1f14b1a60e906404dfe02c575484
HAIRCUT:MessyMop	7da57607bc9042b9da6324b8.png	85667c8471743bf3f38700f05e686851f623503a834dc5ee4386a9a761e54318
HAIRCUT:MessyWavy	aa5083df55c3a027859a7adc.png	ed8d3976151709f389a55f27f278a12f138f89d1a4a4e848f69c7cedd3c89e1d
HAIRCUT:MidSinglePart	75847535de6d25f1d20e56c9.png	834cdca53d4c50aff64b07814c9a3e115f1d244394287f4d4228cdcf16c57483
HAIRCUT:Mohawk	ef18ca5898ec7278aa634e22.png	93fafac2539fbfd501b0184d62e6601c834bb8ce7022195b1ea4a4786a28730e
HAIRCUT:Morning	3336e5edcfbdeb1f20f73bc8.png	29fcffecc758715f7c6aa615ff4ca0abd21f82b0749239f7581e03ae4bc527dd
HAIRCUT:MorningLong	c6793efdcc8e4278e8066d8c.png	5a37d506dd77f424bdad6400454b23fe46abd5cd7c00d66ce59e8770a85f9649
HAIRCUT:Pigtails	4e0030eb8a97cc16f7b8f2e9.png	17cd521878ac62ddf33a99d8363b2e12d8eaaabf8daaeb4b2421d25ef0c01b8b
HAIRCUT:PonyBuns	1c082f3ccae99f6bd4cd751e.png	e0bd1188862cd558466f28779b887ca77ce4a6d3567215c73e4031d2b407e6e2
HAIRCUT:PonyTail	03ecca497af26cb1b95a940d.png	97724c19ca2441add19f406f3176765019268d124ff7cd436315fb69774eecbc
HAIRCUT:PonytailBraidedDouble	5f473b00f72d5df28fa482ad.png	f054b3251f4e53d92fb8e4cf4a47df6a03631557bbef46ebee5cc0260ee8adf0
HAIRCUT:PonytailBraidedLong	b571d05ce9e574b987d28213.png	ad8269e220a17c1dbfada587b929fb4753b3901017f25ef56ee5e8660d955a8a
HAIRCUT:PuffyBubbleBraids	cc6411221473ae90ad7f1be7.png	40851f3413a2cd00c375d62bda564a99850dd6229903157c16ae09e5689dc4bf
HAIRCUT:PuffyPonytail	3ef7d021401923c92fdca269.png	fa1a0cfdfa513d88d8fd13393585a21768b1a8db9d25df3a488f934cd179c933
HAIRCUT:PuffyQuiff	e14e6b278740c4dde5dd935d.png	5ab658d94accad3115e5ed1015caf5547956ed4198bcb7a0dbd61b698b73e320
HAIRCUT:PuffyTwinDreads	a17f9fabf1031f5015e07182.png	849af682e563bdf3d6ba82242872c87d866dc65a5851522a8f68aefadc76de2e
HAIRCUT:Quiff	65ea15d9abd3111a54a5a70b.png	4111b91c8bfb7461e4cb27d71fa7734e09dd6ecf6cc47a2fc4f3f74694e13be1
HAIRCUT:QuiffLeft	e4310717f0f276098e10b48c.png	8926c24430d94e328abf155737426688bb95658bc400b332d3ec036140705aae
HAIRCUT:RaiderMohawk	9c8e78de57a0bb3e77ddadac.png	88779aca1cf54c6a1fe01f671ae6cc81292afab9b2ab834c5cf99367b9aa961c
HAIRCUT:RoseBun	5f08d77b9674d127a9931790.png	0a51d5c9ceb2bbcce3f5d6cc9178150205d9e18c9054a22c14eba21fe1b3a56f
HAIRCUT:Rustic	99fd5f10191916dcd954f8ba.png	2e67f4c38f6e9ebec9b8f56601e26e29158204e4eabd3e2f3b992ac84a0536f7
HAIRCUT:Samurai	357532200f80145b0beff8de.png	ea8d4a31e6a62eb35dd1a7c4adbc43afc9a42f40afd627aa26b0a3521fc7c3c6
HAIRCUT:Scavenger_Hair	7be10f30d4098569f6c608c4.png	4515c736aa4d039602206a7bdb3b9a90655a23eac45bdfaadb2df39300c00ed1
HAIRCUT:ShortDreads	38aeb040672674eb8d313e3a.png	94a8019270598f67c6274e98390ddbf84d3e2b6639531af3e3c75cb44e64070f
HAIRCUT:SideBuns	6e5ae6961bf55b78e1d17839.png	ef5200a2dc49b6a13be5c83120ab1d2c8b7f864afa4cb809efd360da7a3bc05d
HAIRCUT:SidePonytail	9004e519640ab51151e9ee1e.png	1daa2caee4c0fa6abd9284bad5d6d4def3cf92260957062f2f0d5e8d4773cb44
HAIRCUT:Sideslick	6f8d3b55b1bf97048be71e19.png	afa2e16715959181d8cf9f574b2948c37a70f294ad7ae13beb69ca9b5f4d3fb9
HAIRCUT:Simple	c0b4ef2c97ea9df8ee4dd155.png	4d4f88b7ce4fac72ef142032afaad1014f26c4de6a59c6d12f2e11be0abf7c0a
HAIRCUT:SingleSidePigtail	7e7e9f656e9d24cce90cf2a1.png	6d2bc555042b1a19469dc0891d8b45f0accfeedd13704b381e9bd2e6d42a6a0d
HAIRCUT:Slickback	7ed5e42ad23f7e09c4b8ce5a.png	ff0d1e62a55232eff4c0c676618e2b519a8532dbbe9630dee574fcfd40f4233a
HAIRCUT:SmallPigtails	7794e4e2172f468766dc68ec.png	ed14a9d405f5ebb8fdaaad0953244f56809fae8f537d911672eabe9379d6a086
HAIRCUT:SpikedUp	e1eb891b849bafd5e9dc164d.png	95c940fb29fafa1231cbf9e92b55007a651c85c8dbcc24aca5b81de500fbc052
HAIRCUT:SpikyMohawl	a4b35cd357e0e2ab5a987f74.png	544f9079454d70cf7c4fb1b8cfc841083fc9dfbdaa8abf6438d50ec32016b861
HAIRCUT:StarPuffs	e5c8c4dcd57072957ba046a0.png	3c0c616f13eb729c01132ab4e72fb408ca8a5ee0f9509e1f46f6c29fdfecaef7
HAIRCUT:StraightHairBun	c1a0d24a43caae40e898b8ba.png	08e9680a77e544e2ccfd419c3c9028c6656bd793f442da887c6abdf3a03e4b0e
HAIRCUT:Stylish	bb86da98e7ecc3ad322373bd.png	0a17ec8e22b7f781dec07b7608dd62dd75e3e945e81f3e950d6d1c474f6f966e
HAIRCUT:StylishQuiff	87e8835702770441c49cd62a.png	4c55f4529f73ae3ac89b52b113fb6b8193f33fc12616d223bc7372985c4b7ba8
HAIRCUT:StylishWindswept	ae40b9290b494c365c3dabcf.png	5ea71b621d6f2894e4e4ef24e7608e4fc972888db66427e4be009db8571c0783
HAIRCUT:SuperShirt	b8498730d867feee255c31ce.png	fdb1ce82f2612c6df5b6bacdc0d8d206a615aac232b6e60b14192fdb38ef6700
HAIRCUT:SuperSideSlick	0fbab086098d4afb90d7e159.png	72159b5322d426e06c611a715a2129fbb381b69b7d1f75b14cf681421af603ec
HAIRCUT:SuperSlickback	9e310a6a722183c5206168b3.png	369d0bc63cb52acb3b937735f7bb353323e8ca1a2e922c78f1a39b3d22864705
HAIRCUT:ThickBraid	56e99153d8483dc74e2209c0.png	da034ed8ba78e9baf06e55e582bd8f6116966b9feed7e417c64f0844f5f640c1
HAIRCUT:Undercut	556d1b7b95676e142fe267f5.png	cc96b392e057fae56dfd727b10dfa53549f46fcfee9648e06cc7d35e663de59f
HAIRCUT:VikinManBun	6f773741a785aceed613da1d.png	86ed7f61a38e0f2b257b235ed7e7d5cde70b85ac68b123055f8770496d0b8f1b
HAIRCUT:Viking	46fa597c67f224c8d1c55c16.png	08c0bcbdc6223f52c91ead59981ed36f37fb28685b7484e374c4e5bf1ef12099
HAIRCUT:VikingWarrior	3317b8f75226f7b490528de1.png	03ecbaf262b7ee4fdcd8f96ab44d23d97b4f1c5d11cd60c14ff03d6d3a7e55a3
HAIRCUT:WavyBraids	87448598c6ea2b281d39327a.png	9446d7cac31187d205992878193016d3575f003c3e78ebf1a59d5eab0c10f6ac
HAIRCUT:WavyLong	1ceb07b539b95281c81e504d.png	b97dbcc4ec81f51a09a40e265ee83a2c28aac99368fe8677496e9deaecf57973
HAIRCUT:WavyPonytail	dc80fb609d9d4afdf895004c.png	4010ff99405ca1970c319e8bfcee40a9862e0aad654118aa365edbdc508a9950
HAIRCUT:WavyShort	39b361706bacd46e54c34d9e.png	8e6519b301b43f821b07bba676c154d49b4ea63fabcfe27cc3c218b8db672d8f
HAIRCUT:WidePonytail	344e6049699934f39c804c35.png	347ffbe51bc5fa65ea54890dd499c89b4e900fbf210e52a632c3a86a22cfa570
HAIRCUT:Windswept	d843cc2c88b6bc24aa8cd616.png	c7a548a597a04230566b146fa8c9ebbe010c67c3f94dfa15a4d3d41b4895bb8d
HAIRCUT:Wings	4cd28e66a9a748f9a9cffe6f.png	50425a0236b970a829f07d5b1b0ff333995da2e697968d27ea1288dd915a8bc2
HAIRCUT:Witch	01e1484f4f596e1206f660e5.png	84afbf6035811b12ec6c35524ccc31a8f9a8f3d14096a945c10f80639416693e
HEAD_ACCESSORY:AcornHairclip	f037e3468cb284f982ae0a09.png	cdeba2089a119b31ed10158206d46b1695fa4b24b409de804a528732d25e2004
HEAD_ACCESSORY:AcornNecktie	cb67fe31813208c4c0aa2e7e.png	ac5d4cdf1f61879e107f26dbb326f034ba9f3b6a9be652d535c1c6ee99a8c8c9
HEAD_ACCESSORY:Arctic_Scout_Hat	12c587e9a2204ab4bf58cf11.png	e3b77366f18bc7edd5f4bbf03eb8f003ff8de850c57a90b245578c099400ce32
HEAD_ACCESSORY:Bandana	5cb911dd3190b7cfc6554e26.png	bde87bbbfbfa3ad2500489806bcd492f8f637d87b818930855fc3e10c03327e9
HEAD_ACCESSORY:BandanaSkull	88eba2107bdd8c1f72bafd6c.png	bf2544bc361eeac3fb0b9c050faf3a20ef1c775cbc1ce58a22e70a72eef81389
HEAD_ACCESSORY:BanjoHat	63b7f6e2c7ea4cfff5e6a1c0.png	ec09cbb249622f04cdad0397ccc3bb35c9198ac5491f8be65b3858c3b44380aa
HEAD_ACCESSORY:Battleworn_Helm	b72f3848fc065202b3674d8f.png	6daac36485800952564fbf331d0992ccacc2fea83729ad81eadf7cc5d1da2f92
HEAD_ACCESSORY:Beanie	b05c230040f1e3bc01f8cc00.png	8c399111f59fd6b37a4fb8003afe19081633c8a02d1fc0f285001749da8cbbcf
HEAD_ACCESSORY:BulkyBeanie	e449fee8d387b5ae792dafe6.png	e161d93658dc7ac8f0e8cfb251fc2a606b7fc0d1dc0fe49df16745d1e58a6630
HEAD_ACCESSORY:BunnyBeanie	43bce303580fab784578485a.png	3f4ee99a41cf314f67d918ee4e1fbf825c626cac62d495b5363a6d0315d979a8
HEAD_ACCESSORY:Bunny_Ears	c1ca6536759daf26ab61aaeb.png	7c73f66df4efeee5e53ad300ffd76a537cf360b15027fd37fae78f493599c440
HEAD_ACCESSORY:CatBeanie	d028bf983982323cf34ab6b6.png	f16244cc7683d3a3191a11c0e19f049570ec3eabb7ec2026b9ce17ff4dc625bd
HEAD_ACCESSORY:CowboyHat	dbce1c066fecf3ce14155048.png	78eec113ea09fb29a1176de18ef8b4b0d294948704bb960fe6c7e9c84bf86ef7
HEAD_ACCESSORY:ElfHat	6d45f5394268d10ac0d148d6.png	04c4a8e3dca5dd6a53e48cb23c25afcb95b40e3453970171566e487cce2ac42d
HEAD_ACCESSORY:ExplorerGoggles	d3217a5dfcba17f8d6da499d.png	f5e8e51a5426d3378112c7a247aee4722d35c9cf383bf3c641d07c2bdc6d97c1
HEAD_ACCESSORY:FloppyBeanie	fbef6933c6c5e7309363e820.png	33933e8ee2c64e96367d8bbb1d7396d5eb5060beebc681e8fc1c970ef74f86d4
HEAD_ACCESSORY:FlowerCrown	7cfdf09191b9575b386802b5.png	734fe747d23e19e3edb8792a647bd896310284484dfa571893081b05c02b5f4a
HEAD_ACCESSORY:ForeheadProtector	6e5a124c4849cdabd05558d7.png	b0e8745a8f9cce216167bea39dbe4150efef7a0f6aa6d97a9fd7efba67616745
HEAD_ACCESSORY:Forest_Guardian_Hat	54d3835b8704e490257afa72.png	ce3fb8ab80db77816451c87deb66df2cdbe0266ebb1c60a18b54e36810765a6a
HEAD_ACCESSORY:FrogBeanie	5cf9533bdda866e0b995b773.png	292f374ebc4cb0c754d6ee4b08700b07a6e89b1eae66792c46d902d9ddd78290
HEAD_ACCESSORY:FrostwardenSet_Hat	394a03a29977e61a2c855c53.png	0506ca51808a40d307f8daa513f47c1787627febb931b351279d05cca75d9e14
HEAD_ACCESSORY:GiHeadband	b031ad2b8431942681c34160.png	df85ae9b454f2441a1a21cb5b0a9e06a04b0a07c59b99fa17acefcba34bafa94
HEAD_ACCESSORY:Goggles	02319a335fa972284ace7e1f.png	c3f2fb1bf96fb01ea4546a76ecd33944e5667dcd9efeb456d353686de6220024
HEAD_ACCESSORY:HairDaisy	136e44a778a173c295aea083.png	614bb4703a3eda39d051777ac0db8f0c789e5a0ec9ea327619c173bbfd55e0be
HEAD_ACCESSORY:HairHibiscus	309266069a8dac0be22f5369.png	f453c55ce78e59566d6ce6be41ad7565ae10686fd90df9ad7e186ebbd3434702
HEAD_ACCESSORY:HairPeony	9f7e0ef6330f45cda8ebe086.png	c66688c691c0f6c8a28dc5448c2b159851193ab346cf2935c148dece27784962
HEAD_ACCESSORY:HairRose	e86720968b203b25ab8b96d2.png	c28e04670a1b19f9a5fd89ae9e31b3c63259dce29d9eeab501cda1089d5db2e2
HEAD_ACCESSORY:Hairband	849e7cc97e77cffc0ec1bbf5.png	0422a1d33a586c0e0c6970064017bdcfb85be187625280384572d82b37a100d9
HEAD_ACCESSORY:Hard_Hat	726f29d5c2c87349648465b3.png	e0dd90029c9dcaedee21fbbd092a64ed2ebc3edb3bfb48de13b473d176b7d0f8
HEAD_ACCESSORY:Hat_Popstar	7db668e023beb745aceee03e.png	432dcf7776f7ab5cbc79fd171d6c92c6ffe10d64b4621393c492d6b982132f58
HEAD_ACCESSORY:HeadDaliah	9c89d6e32f2b5486f2fb6b00.png	477f345d5f2ed9457e4ec040b3f02d4223aa5b912c7e8a513fb139100fc6ed85
HEAD_ACCESSORY:Head_Bandage	65949629136c3abed249c09b.png	3803d27b8f82965539acba0e333fe597ced347f171728f838b456d3178c92244
HEAD_ACCESSORY:Head_Crown	82b139c1a4ed1a6476bf813b.png	f5b8b758373e726e8134348d096c000a08c17e2981347e02fd1c9cc110b57df4
HEAD_ACCESSORY:Head_Tiara	111586344f2a55eedc751488.png	d1c83ec0209d658aa999079316e7e996b4bc44655e78581f51f019266231718f
HEAD_ACCESSORY:Headband	f6ce3c415bdab9898d2c0519.png	c3ac8bd41865b1eddf1a02b57b98f3f57c818d7cff9331f470daf00c04c47d9a
HEAD_ACCESSORY:Headband_Void_Hero	38d94b36269e315deba80f13.png	5d741b30dbca03ed67d0dbb09c0da59eeeb713683a653e32bfe31ea5fea3f549
HEAD_ACCESSORY:Headphones	1a26d4d244fa81eaa3d554ac.png	14edb0cc47ad33dbffaac6fae25db8583e6f6158b041d3cf70a9a1518e586d30
HEAD_ACCESSORY:HeadphonesDadCap	3762ff5ef065087176996c7d.png	5f48ce203d914010c2be7f1ea8f2fc749d18383f00b67b9d82fab67d19d554d5
HEAD_ACCESSORY:Hood_Blazen_Wizard	77c08def4c96162e0ac23e4a.png	f406b1f5c91ae452666430c56c7fb9293f320d8c288dbbd6b86750f9982a11f2
HEAD_ACCESSORY:Hoodie	423526a511a49e08147602e7.png	cdb694bf3343fb89da7e92405cc64ddac7bc2605b1001f5db6def004af044724
HEAD_ACCESSORY:Hoodie_Feran	72e8e44137e84aca257e8ec9.png	8de471baa17c3e23e081c8b6b633ad917261472808eb890c3741d459234ad764
HEAD_ACCESSORY:Hoodie_Ornated	8c8d853f11597c703007db17.png	2a981bd5587e1ca8569f26f1261cd410399a6d17123c01dac937d8bb822672c7
HEAD_ACCESSORY:Hope_Of_Gaia_Crown	0bfa3e457bbd7c24c0047e09.png	611f9dfdaaa8415c0c031c926c81f252999474808f7405e068d2513eb20425e6
HEAD_ACCESSORY:LeatherCap	62662958fefa8951b9fa836a.png	2fe60b6efce92c947d219d8b5eabf25fa7d20e78f5a65cd4b701ad70bac8325e
HEAD_ACCESSORY:Logo_Cap	0a2e0c209d0631cd857118d0.png	3b642a83f5b1d1a068ad0b057d24099a0bc31bab41a26a1b25f20649fabe33e8
HEAD_ACCESSORY:Merchant_Beret	ffc80350a0efaf7341e5b591.png	c70c80397fe7352e3260efcb4b9598ad2c05c0cfeb2d4699b0972206b812d8b8
HEAD_ACCESSORY:PirateBandana	c95cb938698136457834b339.png	80b5c71484caa334f540154cb56034033b3bbcf76f77dac9362657b1d6594832
HEAD_ACCESSORY:Pirate_Captain_Hat	c3bf39278dbc74d0491aff59.png	eea7ef98b7f75e6a3e1b81074443589803fa5f28f6a30e755ca1586a391264d3
HEAD_ACCESSORY:Ribbon	af4828babd65540f7d429a3b.png	f87065f22a5fc1fa1c56df1fbdb1cb2d7b4dd5596be54bfab2abd307558552c4
HEAD_ACCESSORY:RusticBeanie	8326500c87a905b52078cab2.png	d553bc22f6dddbcaf791a32a4f16b083a288192331d9c6bc7fd364fbdda98cdd
HEAD_ACCESSORY:SantaHat	b7f3e9832456a07ba8df8088.png	8da3f8b1295b604a7b821461f395f23aaa01f0755ca7264703209d6a85c90616
HEAD_ACCESSORY:Savanna_Scout_Hat	3ce55fd1ecc834f5306b2736.png	47a47293b6d2f0f75f72a72005f80d238537f22065ad1f592d78ffa25ec91935
HEAD_ACCESSORY:ShapedCap_Chill	a37d3f67d69d0d441433c036.png	20f17b577f919818648125786e1123a91c9b007f1d93f5621844665af2ba59a5
HEAD_ACCESSORY:StrawHat	94e65632e18f3aafb75e70ef.png	e94513009999d808af977416dfa98416455283bdad717482436885ffbec0e31f
HEAD_ACCESSORY:StripedBeanie	a26fe7b3a75dae880ceaefd7.png	85a97d9a95591b16d98624064f58b7f3605acf543a3e027426b29defe6d2a68a
HEAD_ACCESSORY:TopHat	d8bd0fa9c85b444471019b91.png	01e91d5dd317c88b3468d077b77cff021ed45a9c1753c728c25f88a61de7557e
HEAD_ACCESSORY:TweedHat	d3b24c3922bb5866f41ed7ae.png	a699fffe5bbf18f7373fe66019adaca45b80e3f1bf4b3fcb61ba98e7b79edc79
HEAD_ACCESSORY:Viking_Helmet	9a4cb1bb87a71204d48d8bba.png	cf07c2f9d937a8e8efd8b16942c33c61f732e4c0d154f934aa42d6b2cab7724c
HEAD_ACCESSORY:WitchHat	f177aa3c5d4c8d3454515056.png	b62a707dd43b1d78793ccbb0d57b4a9eb9b96bc9530a9bcafcdb6272ed61a5ec
HEAD_ACCESSORY:WorkoutCap	81a16647c86fd137e9ca8b26.png	9632dd6001b327107ba222c13de91f5445bebf18743478d926dd65f9a57a9160
MOUTH:Mouth_Cute	b3283465f473b039129fd8ac.png	7b06e5bc9fce753176430730472f15ab8f010abaca4a1ea79cff30b9ba6c815b
MOUTH:Mouth_Default	5d66e82d34bd616a94d00c98.png	ca7b5caf2c63eb653fd4dd6855b2e92e90e1b44264663c8987e31d7942f1520b
MOUTH:Mouth_Long	c2b70ad11e1a2f9118b94682.png	b8c313a1c2ef80de302b28e221bdd03d76888f2912dbb9e5c6ea375786273721
MOUTH:Mouth_Makeup	758ba1336954d2ff82d10208.png	4232c7c9096dbfc066515ed5d70b5014e13ca75ecd6619497d40a4bd35fef9a9
MOUTH:Mouth_Orc	73bafd6f7fc6b96a4235b302.png	0597f165318e8715ccbf62d6f6c9cab624f06728cfe06d5fb761041e235291a3
MOUTH:Mouth_Thin	6951d7e1956318aa38b13aef.png	6a79e0746341a92e6481624a2d3cc16d74b50160b0c1fa2cb28d2c29106e817d
MOUTH:Mouth_Tiny	2d9c3cfb0c0b33b4b76e365a.png	4c19b84bee32b8f45a14d5099eca23c215c2a92034a411d9cd0dca55092e83a0
MOUTH:Mouth_Vampire	f2383a7171591ec987db903e.png	69b86c812194b193af8a0f4df0a04823efa3f47377863546aff678f280263aef
OVERPANTS:KneePads	6cf83482a82554731576bb7e.png	1c0aeaf9b29550557791ee6f8f38346f4c189414810ea8f393fdeba88d5a2450
OVERPANTS:LongSocks_BasicWrap	1cc21d61c33889b6938d94df.png	346ebd0d630f95e18c65d527456950f469ff029164d5716040bf2e757a6faaf3
OVERPANTS:LongSocks_Bow	270e455247616b68361c1f96.png	4985778b1d81828ec256c4f8c0650df8cc7946c4e062e4b268faacc422ee50ac
OVERPANTS:LongSocks_Plain	bd96fba322565df05d337013.png	a6793d8e5ef8079182c2c8a27d9a3651304fe14ba544bc4894b85ac42ce63d26
OVERPANTS:LongSocks_School	ca1fa367563c43cc11cfc286.png	80c3be568940422056d4b8044d93a316a7b9b4b6d7dc21028ffa63a7682d7f36
OVERPANTS:LongSocks_Striped	3baad7406224ffe1fc3ae68d.png	eb046941f4fde5897a151e66fd74e02c5a2cf1a86800f8c94062a97c87dc0f07
OVERPANTS:LongSocks_Torn	3644bdf018025ff1aacc1c0c.png	dc4e8ebdc3bb8f2f62b130d0313ea89f1bdcc9093bdc1c696719398a2c524fca
OVERTOP:Adventurer_Dress	435c65d7f1d2c2b43ba4bb3e.png	45c6da1604bab8d9a97bbacbcd5000964102b7e5aaec22812b040e31294e79f1
OVERTOP:AlpineExplorerJumper	221f3d1c06425a2f64ccfa05.png	d5d76e1022c2ddae0b9dd72fa05b65c166225bbd58673107b1977c83f96fdb37
OVERTOP:Arctic_Scout_Jacket	46df8c469c017544e8180080.png	f675a353ba59f14cacbc36205475c89505a9a4a001fbd59fbc49af014e8aa1b4
OVERTOP:Arm_Bandage	68ef22f7754a1babd25831f4.png	d6ab838305bb0051ff686bfb937bf521fca9931b0b801004409ddfaab92a635a
OVERTOP:AviatorJacket	8db857a17867bf8c389e34aa.png	b98510982d34e99f40c8c06c9483d75281b273b9838d73822968b72d80ec5037
OVERTOP:Bannerlord_Tunic	9bf32f028aa45ef59062c506.png	9e81686cc4491c10bb2a5ea2e4844e32ff07599624971feb7fcb98ac68dff8b9
OVERTOP:Battleworn_Tunic	1347cabbc8660dffee1dbec0.png	cae7c749a5b63774c7cb4918a77a82f957ac88965f758da17a419eaaeff21f17
OVERTOP:BulkyShirtLong	9e98d25a630f6d5e98d89b05.png	927ce38d715b99461d715cfbf66851ea497172ff50d86ec22913030eca6bf628
OVERTOP:BulkyShirtLong_LeatherJacket	b544ec4ad14761453b67a4c1.png	a989342137b1ec7c2f312cd1054169b6cc0b2fbdb72b29752a8302fba690c345
OVERTOP:BulkyShirt_FancyWaistcoat	cea65286973bdf2e93b31f49.png	28e75b8ffec3a87cf43eace71639a364804e6976b6c8ce5351f85129ad70a0fb
OVERTOP:BulkyShirt_RoyalRobe	a8f52583017245038a68e7dc.png	70ec577f48fb5f721865e49b5475ef2bb37bacf2fa194a6c54ec91beb37ba0bd
OVERTOP:BulkyShirt_RuralPattern	f42a8783370196f74d64b68b.png	3b0ba597195a9d9ea8bc8a8fce6047919ff1947d73eeb297993da0d721a181a5
OVERTOP:BulkyShirt_RuralShirt	60c0bcac36dc6596f94244c7.png	eaea005037d87d5530e2f40a4aeb922378e5c13a5c4d6f29e338a733f40cab8a
OVERTOP:BulkyShirt_Scarf	6ba07e1914d06586e5398a76.png	aedc2fa15a672c417a6e58d38b7858a6e747797350edee852814ce27506fd652
OVERTOP:BulkyShirt_StomachWrap	de4ca6a07ce49d9d5e1d39b8.png	a1aeb8d3fa8f0f9b9dee60bae0c9fe6d6fb31e8e3665ce4c5835b25e047d7945
OVERTOP:BunnyHoody	802eaf92c7e8b3344852e6c9.png	3c6f1bb13d781f585d307b4352343b4cfda9461b31203b09f4353aa4bf3b0d6a
OVERTOP:Chest_PuffyJersey	b89641da90ffc4fa942b0504.png	7fe4ca765ac68ea323697956518ad65c6bfc550b10c2b803532e52eba0be8201
OVERTOP:Cheststrap	a86c207f17f1810992d4f4ce.png	d3b062dab0eb543c796513fe22d9e1be0a91600eb2d3c8455f76d3e88dd05c8a
OVERTOP:Coat	7618821d4a825f0bc42c41f7.png	0d85a54fc9cc8b5eb6d8e4d0b5de10bbd649444f2b5bc9a691ac90bc75576468
OVERTOP:Collared_Cool	f5392995df3413cfe5b07410.png	9884bfb2c30e48d2788aa1588117efd9ee135e3c3b833ed10de5c917198a1be7
OVERTOP:DaisyTop	6b25b8862486b008e5ffb2c9.png	d0c9d97e62aaed5089bd6f95339986ad06af5d6c4a983f3a81392d0701a73da7
OVERTOP:DoubleButtonJacket	9b324a8a8b207e43b65b1a51.png	7f4ea649581c460c75c7eb33a0518aca4ea9db59fa7148ff5af34a0680689bcc
OVERTOP:ElfJacket	4a2fbe1fe86cd901f14a49f4.png	ec4b4c57560e080976d42b248030b803662c7d54bc3cd2ef8b8f2d26aa4e41a5
OVERTOP:Fancy_Coat	fe0cc4427f7c09c6403207a9.png	4f36cc894b9baa7554ec74e3fb7a0c5f48234ec010b08e3a7d01d2d8a4f1a763
OVERTOP:Fantasy	ece2e4836ffc51f6d5c19438.png	9d46bd56d4e2b30b18166a76c9638a519da1f75dac040e1b93656e811c5206d2
OVERTOP:FantasyShawl	a8716840437e22c2eb232948.png	b5ccf47cf4ba049e0e541d00fd3fe490fe9701e8a6b1d166ff173a1432e9a34f
OVERTOP:FarmerVest	ea59db1d759bd3ce5b8c30b6.png	52ce389b34e6529fd8abd8effc152c6d884e1a6c239fd193675b4eb9d13359fd
OVERTOP:Farmer_Dress	af7247ac49b51ef8cff06b3f.png	04b8b819a3dfe0a721716490e21f4f0436e8898ee7401f498e0104befda7b7b0
OVERTOP:Featherbound_Tunic	1a8e6930249603b5a17daa54.png	e1abbd368cb7e9705d58bdde70d119549bdf281366e3016ebee6bb7cda444e52
OVERTOP:FloppyBunnyJersey	6da0e4f60780b4bbf025efdb.png	60f4ecc5c7aea0fd346418b0deedcac5e7cc8e48e3597c5fe1d238713f729edd
OVERTOP:FlowyHalf	b4638359724b365ad9e854f6.png	d61ac6426a0447da8cc0b75ff484bb1cac27f288597817e991a87e8812ca7f15
OVERTOP:ForestVest	398ec91d86f9af39e33004c9.png	acd2cfacb84201e42caf1a4d84b1e6eb9300ef8f7f5310a2118782305f4cc388
OVERTOP:Forest_Guardian_Poncho	7ca562f90ef1672dee54b465.png	2d383c652a5cb7174fe5c64c662d3f81f5b086a313d63ccce95e44ffe774d09b
OVERTOP:FurLinedJacket	4c06b14e68d186edce045950.png	6bda7b9ca08fd9692162d4f710d5d23a0e86b72ed4caf7f26ff1cc4af64a41b5
OVERTOP:GiShirt	eb27457c2e02d946ef7c62fb.png	1678d9b441c6a8ad222e35a9135fe34286ea91dfe18edac30552e7051e533ace
OVERTOP:Golden_Bangles	d1dd7b16065bddc78569dce6.png	aecadfaa4af977b9d2d2121d589c83da172b052696da48cbe0bdc6d6075f65ce
OVERTOP:GoldtrimJacket	773c7d32f25e012a20497c2c.png	b9bef646a9cc401d697e842e991762612cc83376035da0e199266e5bee9460ff
OVERTOP:HeartNecklace	e2c27f389eea47b8195180db.png	10d84d28a4ea9f1b7268698737ff83b21af1756d1670b77fcdf72519d72efbc0
OVERTOP:HeroShirt	c20900a694026b4fbb0de4f7.png	4755400340bba239b6047de97d7c965891719dadc0ccd36f435968fb9b817b02
OVERTOP:Hope_Of_GaiaOvertop	0a77b2a2ff623990a3a0e49d.png	d54749332e12e7c39b3a8a57998d9ae7c76e730dff13c79b17a441b90c622e9f
OVERTOP:Jacket	e717e5d2f0c5828cc1fb49dd.png	b4b901ccec3ac81a6a6766d676ac517143fcc45475f03f11ec28cffb8f73c4fc
OVERTOP:JacketLong	ac66d0655834dea8f23b1a8b.png	8b5af3b320920e1e301c06c269a8c510159ef956ebdd20a803d7685b48dbc13a
OVERTOP:JacketShort	0ab8b9aeb0c93244d43e0698.png	c3ff0f57e4e2233f64ddd4c6596c0e56eaf22a7a1e2fbb6cbca328c86e316b2a
OVERTOP:Jacket_Popstar	d737ea1ba1bd675e70dd5be5.png	9cb4c3fdea42a173000d7294c8c4f848cfdf405ab299cd8c1015f8f49c60f88f
OVERTOP:Jacket_Void_Hero	f16da049ad0863b0c00f8bd5.png	a31849f940493cbdbaa37df6a097717c3cba0bc6b7864ab81e52a2c7722fbbd1
OVERTOP:Jacket_Voyager	3fac865db94c91e85045562d.png	5ab69473520558795ddcacecc4e4c2a8a9c05adff522da5717e243e2cec9ce79
OVERTOP:Jinbaori	29086fae707a29c72d765505.png	30ac778afceadce4a8e86e6cbe07292d851c2e647290aa9fc0eaee70be95082f
OVERTOP:Jinbaori_Flower	f005faa7128359ef32169d1d.png	5d144bdb6bc08a182a559de344167398db741493beacdfbdff9dfbec2a949ec8
OVERTOP:Jinbaori_Wave	3dd6a7eacea166e725672d35.png	d46214b33dce55c4125098f96972a52384efbc50a046292fd9a6b40a6b9d2ef1
OVERTOP:KhakiShirt	67d1642add0491fd8c868831.png	be1157e1b92ee9990e8fa56d945a1db99dfc81385b3a20f00d933768e68a3884
OVERTOP:LeatherVest	3b84dfa83c7b708aa105e521.png	8b0b84e124b129477a21286ac437290f5cd956b7a63a3fef8154a3ababa30c08
OVERTOP:LetterJacket	6a3925045c7b750570e876ea.png	f9e5d035fd8659f9235398ea7e9a7fe59d79e12eb23357590a1f9493d58a6727
OVERTOP:LongBeltedJacket	c99339d2a9ba419199aa556a.png	6379441ba577374407a1e4a78bc4cb75f7891edeac10d089d51709b5d59f2d87
OVERTOP:LongCardigan	f15e1d69740588c6c66ba363.png	45bd420ff78755b434f5986d4e45a0b2883b5b6b2b8718a216c09c574f7b2cd0
OVERTOP:LooseSweater	bd20f95beb3f66805f906d85.png	3f86edd6321a1a2a563f812946909912120f7597806b2b26ec93949f290522d2
OVERTOP:MageShirt	9f012c71e5d7be22ddbcbe0c.png	ebdf6d31997253d798816053a7d1a6bfe4bc5c4b16bf7d304792678a2ca08255
OVERTOP:Merchant_Tunic	8ecc7123717f6523ae93bda1.png	c5a569b68e5376da0bb0a3b44a35c126c07bd4edc092343abfcc8f98359b4567
OVERTOP:MessyShirt	b150ec6d99d1ce7898a5aef1.png	6cad26a869f6a98d6cc917dbfcbdf2041994ae5273e489a45325b9ad5025aa73
OVERTOP:MiniLeather	06af6887d09cd589db30153f.png	fe8efe8de691d65fef494338634429829817ddc7329bbad0bb48278744f74471
OVERTOP:NeckHigh_LeatherClad	4afc68b3dd29b3dc594e8481.png	3f209f57ec639714e23f18c24d3b747027d343c2dbdb98d71fe3e3ea8170c1fd
OVERTOP:NeckHigh_Savanna	e3a6cf815be819bca7730662.png	bf1f3876663d8a2557440b83673af612cb8b3a17933f34427ce1c44b193a669b
OVERTOP:Noble_Beige	3c76c34b27ed0b802aa8774b.png	7c1d900fadf804c34a0f387e181ee65783b1c1c6b237a655fc0f8544a63b05d0
OVERTOP:Oasis_Dress	3b7ddc6b824632171e94e9cf.png	c9d50df560db5e0ec329bd550853e7b4a142e7108869da5439a1be173004d1a4
OVERTOP:OnePiece_ApronDress	b9d52df078f46a3274554d3d.png	86aee51087cfd5339153dcc33d45e442765fa06d6e74aa34f3028096b13e3cad
OVERTOP:OnePiece_SchoolDress	c78c054ed48f58526123ac25.png	a6b92664ef57af0509936c749fcfc8f9d979d9ac4833d6f1397af039dacf0b23
OVERTOP:OpenShirtBand	5da7af1738e941e6efda91e7.png	bdae4ae8ff1f41f4bc85b696a971dc22ed84e52b970fbededd55efd94bf5962a
OVERTOP:PinstripeJacket	f8aedc2aa98deaffed6d3247.png	7d0a3e91f8505ef6e431092fd0cb06e33cd059b68f711e19c460214e0571f9b3
OVERTOP:Pirate	47891c3a908f1ba7e1f182fe.png	fea412d4a33396901ef08b431578e9a58b359e2cc82b48e93bf25c5d3d36842f
OVERTOP:PlainHoodie	f03400aba51c5987d65b0217.png	6d342bc4b64100a6ecc98394ecc2c17f3d396e5babff3986a351f4a5b3cf7ec1
OVERTOP:PlainJersey	6d4cd9b13083cad96a95f02a.png	6098e7788d86bf4ae1a799a4be8e76dd874740c613adf9ecf7839b3ef548addf
OVERTOP:Polarneck	475f20b626ebf779edfef23a.png	55dadb4da0d3297fffa6d67a1bf5142579ec2caaa6e3f5acb196f4172b6605e7
OVERTOP:Pookah_Necklace	1055deb21884cf095ab341e2.png	dc36c421a05fb28f914f130b75328b7637626ada743a0f1a109768aa0b7a8d70
OVERTOP:PuffyBomber	fa3a3ef731b6b59615fae6c4.png	aa5d81284fb90d3724d5437f50e1961f79221552021f7ed6f6595a772ddac157
OVERTOP:PuffyJacket	4ffb94e65e047d355fb1d562.png	9287ba6f009e2fb15f67a745081911fc6ac7e2b65d22eb72cfa0e4143751b2be
OVERTOP:QuiltedTop	6c71f7ef2a248780a85c3f52.png	9fc931c6d1d389dd9417f1ec79069a597b73ac68f85220a77516fce0ead2d138
OVERTOP:RaggedVest	236308c9aacfd985d2ffcda5.png	d05a6d9572a06751f349745e337a50f8d609b5932c5299c715fd3ee8348f6302
OVERTOP:RobeOvertops	e35cff0a52e383b522aa3e31.png	f28b251e0c59ae4f835db27f74d5ea83ed885d993c49211e4d805cbedc598136
OVERTOP:Robe_Blazen_Wizard	b06e4aa3202e06f76fabe5ef.png	d20abe661cbb60f6efe035a3e4b43eec6915c25c72b0752f62cf414bfbd9b381
OVERTOP:Ronin	29f1cbe9bd6359b391967a6e.png	af43f28fa1fcc3ee130b5a7e91e99b4b3597e26961a677e7f589e266d1367fb7
OVERTOP:RoughFabricBand	ab3cf5e98bf28e6741704431.png	9231f6fa97bc94b2449e738b7bff1f48436da59102a5388a6203791534e9d1b7
OVERTOP:SantaJacket	7b6582ee6c2c9b8d9312bc3b.png	4992d7c98b01aaddf6f18802783c19d904fe0b5bb89d34a3e487031c21b13493
OVERTOP:Scarf	be39a0d1fa5246e3776761da.png	fbab4e90efe5e04071586f80ed850fc600e0d3eef8b38bb56562f9317a5e2e36
OVERTOP:Scarf_Large	4cfad40ff87c86f5815948fc.png	f42f08023488ec4eb252289cb989c0664d4d84353697d8266ab991fa07995c12
OVERTOP:Scarf_Large_Stripped	914f1a0d4147545fab1d17cc.png	256ccb99f1c1d5491a611646553ac52bbeb50130fa1d670f64708bd65d16fa8c
OVERTOP:Scavenger_Poncho	e8b0c4c76f32621dcd0f9871.png	3417023e244b9aae0b4fd10de489d1aa606164218049fd8017ecc317a07b39e0
OVERTOP:Shark_Tooth_Necklace	133e3d91d48c144f000220c6.png	1113e2311ca983361fa133ec37926162003c0476330978d19834e7499ad5bc9e
OVERTOP:ShortTartan	1c398d6fb48437f7eb9c8d03.png	22dd44c55cf171a5120d29d3c77fcf50537ed7b99549e0adad6e38b55f2674ab
OVERTOP:SimpleDress	90f0bc818a12f94f0f7d9e8e.png	9d1b066901e77b3d4c3543abf150b2cf0404741e4414fdf2555c2f8adf420e1f
OVERTOP:SleevedDress	eddfa9baba8f7c55ff6308f0.png	71cc21c74b7a940fddf6d7641bc68a85d86d3abb3fa153b5b07c75249b1dc8d2
OVERTOP:SleevedDresswJersey	efc008a814084a64d76e5ea1.png	848160464ac9466c4ce6af62f4a422052d8c6f85947a367e738fdde9766a4ebd
OVERTOP:StitchedShirt	30a17995892e2b656e58c3db.png	caaa8cb82d3100345a89e55d830aee5d8b7f93f5ad08aa520228dd542fe96f88
OVERTOP:Straps_Wasteland_Marauder	d7ca12bf99ffc69b7825ba2e.png	6de9636813ae7970fdc8b38de06eb5b95f901a38435ac5ece9396b2b72ad3f30
OVERTOP:StylishJacket	2f0c517bdb8839c8525da783.png	56b9b2de0a320670e02e30639cdc2ccf2dd623e3a1b310a9c86166feab341747
OVERTOP:Suit_Jacket	730a41786c6db6200cfd3dcd.png	5753bb18127b1dfac0655d1d096cbdb8ee26bda15c1e61db5227636a719fff01
OVERTOP:Tartan	d7bdbb8c213e2d4040744997.png	1929d4ae1af74444f0b2f3f01a8074a28a84843614ed9ef72eca4b91edf2977f
OVERTOP:ThreadedOvertops	99a5e270803ecb675306e01d.png	b79625e8badbcf50f2073b067178d44d0f675b99f3a415b3ebff4a68d9ddaf10
OVERTOP:TracksuitJacket	09a14170e115a8ba5e399483.png	67461a8cd79ec37348059da561adece3427fe6b27baf73d91fa7344b8ca4020c
OVERTOP:TrenchCoat	59df96a5265680839c3cde9e.png	8a791055c0864b3d75eb20d3d9b58173da76a3f1d661b434fd29b2f49e13aa99
OVERTOP:Tunic_Long	5a09495c1862f82948bf1a78.png	ba9202fcb08a102ab85cda66e502c957eb7fcc9f2cc6fad2a3bc7a3d820fb141
OVERTOP:Tunic_Villager	8f01ea6f87054606385dbe36.png	e47e2ade93414f8d287a64064ea946b2854f013c27c78adeeedf7f83056ce837
OVERTOP:Tunic_Weathered	d1f886b3d5e321a621508305.png	527834f7300755077fdd0929bd9ff1129022910da9f7cca8bee9445614d97f78
OVERTOP:VikingVest	716d7e6203f64057ed50453f.png	522c5fcc4dc8f1e22407921811ad9fce0688c778342f9673d37fe77a1911057a
OVERTOP:Voidbearer_Top	1ca7baffaf82f262539b0303.png	3168a13432116a337d9d1bb6651cc3cf302212d9ef640bb08d2f4801aa8f5f05
OVERTOP:Winter_Jacket	7544c046600085f31c137d66.png	4b2c65a4c478e2fbbed42bdc74ba12f8ae1a5e798e0b2abf0ded5035cca79036
OVERTOP:Wool_Jersey	596740f61b1accce4f91353f.png	e0ee526259244662da279b0a4af42424a67c2b4cb848ea58d19a6b8263473941
PANTS:ApprenticePants	09d2697598f056e560ec4955.png	41aa601ac6e7b60688e3cd09e9a4e70caa9190bb7a45e93dd08c4084abd1532c
PANTS:BannerlordQuilted	0a7ce1a66ede6eaad68b1e57.png	f3551d95baca83c2584ca8a68cd68ddebbbe8d7bc0356b83b3d880d386cb139b
PANTS:Bermuda_Rolled	e1b508baaee357d68890fdd9.png	e41a355fae3be03a463d8599d0aa94bc010f1e00da2c57e9fc17ad1bcfa7155f
PANTS:BulkySuede	b714beaa0d06cd292223b6be.png	671a3a6345c783e21bcf5967aa16bde65edb99bb3792fd5f1f96ff9ad9a9996b
PANTS:CatacombCrawler_Shorts	0668917c1dd7f51db0371b01.png	d1f8d2002a971595786a7d95b791c369c5e686233a358674850e4de30f3994f6
PANTS:Colored_Trousers	b8566c53daa9ef601ad40b11.png	8e7eae808eaf54ecf86ff6130914c32eb6e1d06e67602d86b1c9f205dba10785
PANTS:ColouredKhaki	bb3f58ebc3822efa07c99297.png	478cf74a3c26ea7e9b3ff1f3f5e7992b36b87c5a89b71aadadb07dc188596e11
PANTS:CostumePants	67c527d4af3cc50a29ab220d.png	571993845ec8547b36aaa748923c14daf25654967197fdba8e98617c29b41919
PANTS:Crinkled_Skirt	9249a2012a0d392527d99e86.png	15f8a7b97d2e8914a9515e6c8665d898cd33e613a744195f9aba8fc361a36657
PANTS:DaisySkirt	93628f0aa93c3863e14ab179.png	0def273f4b559b56cb963c10717218cc0c8381bd226e28d26aba8f8070e3e233
PANTS:DenimSkirt	0c69f662bc12d72cf280de77.png	724775c05185941ac0c37d5f4d617b22621524f92df2bd9a8faa0c8806cd1dc3
PANTS:DesertDress	24ebda197b346f04b89a3f21.png	a97a99e236b7485438c40ccd471dc0df28a419cf49831d04fa3cb7e4cf2c1fd4
PANTS:Dungarees	b75b48a61ecd5b7ac3183acc.png	63767b93a2cd48b878df678bc32d6c6ea93159b50f64e0c439071e5850263b63
PANTS:ExplorerShorts	9ca5dc8e41ed9d9e94e07f3c.png	a392a5d75bd63db08ab26ff3d21cd81a699594e00076002e456a65a466deb60f
PANTS:Explorer_Trousers	04854fbfe01a8d7edd6e7fa7.png	17a625dc063f240dad7d02d60559f03301c323de83e508405bd66926a3b2bab7
PANTS:Forest_Bermuda	ca15200deab2ee4d99977a98.png	4915da0a35fe7cc5595bd43ee4d23431f7749a6f6818551d36264cd219b46e78
PANTS:Forest_Guardian	cc7d8a3c21402bcd230b1a3f.png	18d8fa8461639445b18c9bf8ce6987bc5cfce33490e7a1f916b7fc837ec4a07e
PANTS:Frilly_Skirt	6bf3a4e8248ee2c597436c57.png	c82a44dc59c7f011c94c88fb94bf8c2cd9a1777b30fdc9248f7433ced7b5f4dc
PANTS:FrostwardenSet_Skirt	7b164dbc3c3c02e03442c4bd.png	911aa50a64eb62fac6780a383c7a1d35292b9f8304cade518140762f81faff44
PANTS:GiPants	0893bf06b7f6a83c4cc08288.png	21b2fc015ae58e4c6f017e2a8349a9ed44cefea9a705c603ddc5f79c41616864
PANTS:GoldtrimSkirt	9d5b569efcfad58087b5c39b.png	e4f77c8454c88ad0d989d72570b1ec6f4fde52321ded277864320ea3b539b8cd
PANTS:HighSkirt_Plaid	d2c1c76014c9a38a9a6220a9.png	58322709d896d6cbd06778387a454e92e7bd3eff02086fa595afee6e9ea8a3f3
PANTS:HighSkirt_Popstar	e0ecea9971c7d6eb324db592.png	e4d68156bd3be8a4491cfc7e8a71b2ffa0491f89c7a650dd4910f150b424f197
PANTS:HighSkirt_Punk	f2360602d7a60f6b5c520cbc.png	cea100377ed2f2a0b6d716585252036ecfff1eb6168c02c27072e697712f1718
PANTS:Hope_Of_Gaia_Skirt	b7e152c0256219ee85bce37e.png	6f69bced1c7b7ca99ea25633b5d385375473ca74f1608d78c3e64144817296ff
PANTS:Icecream_Skirt	23789c4df8dfd5d636163018.png	54acbd9ca2eab704c757505216c63a2c90bf977f9aba8b424f210f573e177a47
PANTS:Jeans	d27459cc79d59af2fda253c7.png	45cd847377c1d0e86d745be415d01fd246bd64eb957c3a5ef62531c843d14510
PANTS:JeansStrapped	391523ab7d4a3e42b5d3eef8.png	b81900becb992e94f59f34d8a3407fcaffa0b7ecb1165dc2b45e039414dd5195
PANTS:KhakiShorts	9d57fdc21e2adec6e8798242.png	b5ccaeb34d7c2be19730de0500054f8964590fbc915c7806d200806beb703e67
PANTS:LeatherPants	06e481d99e51db1acb699af7.png	afa25d0c7ce070551569830a54282e9832180cc3fe2b36be045708d175f41f97
PANTS:Leggings	1971803a99b19952eac688d3.png	4e6fb40cbb69e0ad668d070c84c593ee0c9fccea988378df929e60840f8025ea
PANTS:LongDungarees	840cf39035aa4db6c56c3705.png	9659cf1c5cb22f1e13ca4724d8450ba973e5424a9280ad9386f8b4769642509e
PANTS:Long_Dress	7786afb9b623ae3e3caf4185.png	739e906dc1e7c78c33c97ba6218e6a88a9126c1d68829cc7fa83c6b0cb5d7001
PANTS:Merchant_Pants	406001f026935582d0f333fc.png	036f91632aa54076e5ab0c2df917a0f8d3b2d56ec048b9fa3fd5d4a0c3f241de
PANTS:Pants_Arctic_Scout	422e9d05e881e4908892f15c.png	1202e9d69e9218c6ec33ffb1718e2826bbd6f17f1314bc2eead442a812728784
PANTS:Pants_Slim	e39f1369a19d1c855a217d1a.png	dd9574cce226bfd2dc4d0b53a97a00101e12aafb6d81ffc51a52441f29f049bf
PANTS:Pants_Slim_Faded	9f2a6f3ca360df4f2afc880d.png	2210df0d9bb96ea849b6190f34045fdbb9fcea685448d111f41baf07c0192c8c
PANTS:Pants_Slim_Tracksuit	738f5605bcbb733fd7c695a2.png	c8c678cacbc5e1140c1323361d0bab348225ddc811dd4a25e27b975eea369d45
PANTS:Pants_Straight_WreckedJeans	0cdb4798a5e18432f17a7a6f.png	420088220485b8f79f299c9a6ea713b4c28fa678745e895a8b698406458c8e11
PANTS:Pants_Void_Hero	b299962739a31ae17e97e12a.png	e63c1f796a76b83058bae38ec6f4392c7f758e3fd826934874f5ba8ff26339b3
PANTS:Pants_Wasteland_Marauder	5b4090c570f248670f36d0e5.png	972510547f900091ab23ea5c23757912e2e7aed580e01f4966a0bb4ee80e0ce1
PANTS:PinstripeTrousers	59722bc8cc8de3c9c814a30a.png	96d3b6537f23ca11200d21d69f41451f9fd8c3810cc786cc4b02b8417e2969c9
PANTS:Scavenger_Pants	31950085fe7bd0cc1a085390.png	3bf295773ffd29347549ab982d81f6433fd25d4d1b177e90cf591becbbaaf32a
PANTS:Short_Ample	3d0f105bc96dee8a3adb2937.png	da64712e66199fb9e26a33a2d7ed2c4974a5db20565f3281dfb31c5f84e0b3d4
PANTS:ShortyRolled	f94bea0ddf66b9871ab6b248.png	49d5874d8028dfd4dd17109fe7b11147541c9dd652ddf999bcf9ad6cc106c634
PANTS:Shorty_Mossy	ea587eafbeac792b5f140c59.png	00b2685292a8d5d8f642328da97d133750d7e5584de3928fe6d393699213c7d2
PANTS:Shorty_Rotten	dff4e70cabbdf40b0efbb972.png	9551d4d1978b95d57e26a082511f3da9a1e695dc5bb0802e419556e9293d75d7
PANTS:SimpleSkirt	987212085d6bc4183949481d.png	4d2a80ce32e4841360f5221ba414d5b48ddc1dbc36c6903c34f8696711b191b1
PANTS:SkaterShorts_Chunky	3a7e819fa853f84b135e5185.png	f3bddbd704760daf11f1be0f340499d43efe5c36d4ff8db4052188aedc2faeec
PANTS:Skirt	b0dd46286577330274f1264c.png	317e7180e7ffe2d66da7ae299e001cb04a9ce173815cdc84d242cb5d17da51f2
PANTS:Skirt_Savanna	304ac16f5e4347bf70c29bc1.png	9bf7dc4efc3f918ff4074077daf187efb60e3c18bd64c265fc4319288d0942a5
PANTS:Slim_Short	b151756647ba1132f0bdcd02.png	2433129d6a89bc7b5f84c09d9c56aacb05b8d1a7776e7e17e587ac146b453d88
PANTS:StripedPants	711702324afd68957bd9f468.png	f7456b6b3c34f13c5b351d967e2fe155e1d3a5ef6c954fda58f8f56391a6bb2e
PANTS:StylishShorts	55e0ac504f4b57e8dcfdecdc.png	647ebd6e93bcdbc6620d01a8f0738c64774cd06691333dec4c17485c0a3ea7a5
PANTS:SurvivorPants	adaebf6d6683d50038204062.png	6be19249bd085a64ca61623f14e51912f8af559a0291b3d7b80fa20152ba3d01
PANTS:Villager_Bermuda	943da9dedaeacbbaa8156067.png	cc588bc44dc9576674fb7b658e724ad08dad57cf9facbc96aa3ca5b0ad128a2f
PANTS:Voidbearer_Pants	dc2fdf4e0a24fa3451a1abf2.png	fd79307add50d3844219b92f192b518cfd2ebcd1bc54d45ae11252bee2df7a44
SHOES:AdventurerBoots	71e7d2ba8665d0faf427da2b.png	b9d905be09740b0f0ca571a65892ea3b0597e0176de686f644b9bfdbd4eb672a
SHOES:Arctic	b3e2254bb05e410aaee42a36.png	acaf3a2d32f5b9cd7338bff11128107e5482473d96847f50ad7f67a6327c3d02
SHOES:Arctic_Scout_Boots	ae7563922c7add400aa7818a.png	668444cda0fb96f0a3321015142760f1231d295818281c27c35e7c5df85868a0
SHOES:BannerlordBoots	8e5621fdca2ebac552931fe5.png	f14e5337b5d39f72de02e6887608717add1b6446c38c17190a7c68daa4f3b66f
SHOES:BasicBoots	d658ccda0848ccce892ea442.png	06638026776dcee9a95cd50f3c5f27d4fe134be979032ce32181b85d1e7ba985
SHOES:BasicSandals	c77f3fbc70593e4ad1e81eba.png	443e6fbcd2ad983eee259e1a05760f93416da30c24eadac027e048fd9194a8b4
SHOES:BasicShoes	87b86aa9719584b79f2e2227.png	0b33c07e6f8106cee0205964b2b9926d3a7ba37282f2e8548e0f848b42a4732d
SHOES:BasicShoes_Buckle	3ae1606a3a9a52099c39c88e.png	3640bcff961b9c886f5b7fb72758281217d9308d272338402e96a1108da8ce45
SHOES:BasicShoes_Sandals	81597e37307de814801416ab.png	97db3e55045127916009b70f01408eae616c989485c6f66fb1dfe3fd948dfbb3
SHOES:BasicShoes_Shiny	4f03cfedf3dfd27b815c6cf8.png	a8b2813e48d7c7cff9c90c92a150202639b4e788e183a054b414d7ec0759e0d0
SHOES:BasicShoes_Strap	b1882fc1a4629111ecedbb88.png	3640bcff961b9c886f5b7fb72758281217d9308d272338402e96a1108da8ce45
SHOES:Battleworn_Boots	038c8f957d09fd4e019a4923.png	5033d26f55646db43cc845b2a0106f21cb96f547ee77b2085bc0b699fa1e6b7e
SHOES:Boots_Blazen_Wizard	ba3e881343e7ab255662142b.png	5b6b05a5744aeb4404bfc74e6b9649664667c59e23e75a06198a19aee8076eb5
SHOES:Boots_Long	6e6b030928222f7a5f86c6be.png	e8a4185e965f19a00b026e6bac0615bcca9b3228f73b41ec9faaa144465c08de
SHOES:Boots_Thick	1082d1ccb7bd482b25673886.png	3bcf819b48568ad53badfe685d90e1ed800ee965245f143a645db81cbdd72869
SHOES:Boots_Void_Hero	acf97d6de2f4ef4e3edb0666.png	0468dd1595abd2595d0aa720e1bf64db06a9566e2415e04347c921489297401b
SHOES:Boots_Voyager	20767cd3956e6c2f54c3b250.png	b38afcae3ddaaba79da39fee5175680cbac7689398b40a80c4d825004fe4f6a1
SHOES:CatacombCrawler_Boots	d44a51cd142ee4250aa1e1d5.png	aff1c2e45e343729ef10e9825d406fd975228b0c83cf6ec930b09d674b0ace2a
SHOES:DaisyShoes	eb324e75aad0fb165e87aec9.png	61b82265309042ada5058cdd00899a3c342c14985b9fabc06f1835f241b202b2
SHOES:DesertBoots	77c465eb81d6b4f0e9819624.png	3ef0c0ebcd34453278ee80a6780c82e94836a785fa86e87592bf8c814954d240
SHOES:ElfBoots	f9abf3c02d7a1239c988aaca.png	8433dc44f09fa4831febbafa6bb6652d210b4d0233b98327ff42691c20a7404e
SHOES:FashionableBoots	ea39b2f9f60b0694dab1fe2e.png	d199ee27b2f23920753c0d557ce88455b74a37266950462005b87bc51ec29967
SHOES:Flats_Styled	92307e4cd4e15c0bc7297405.png	2f09f12f643abe587b4080d741e2d746f6e7696ed6cfa9b5e24abfd1c3005ba3
SHOES:Forest_Guardian_Boots	61930d819cb634534000fbe4.png	93ae611a864d9cde7cacd9bde51d12b0d9d660d3b174403db968c2108c89b2c2
SHOES:FrostwardenSet_Boots	5292282fa17a2360f29b052a.png	b593d7d6867e808f8db084fd80ed308ce594b5c70c6a58ae9eb414e4d6d106d7
SHOES:Gem_Shoes	3c5e20c3ff780d204ee3fe82.png	717d4dec79aa9c4df1d44e52ccd7efdd72a9ac116002fc21ce3b1b9027ccdb9e
SHOES:GoldenBangle	1bbd56e97838010bbfaab950.png	e60dbc36561353f262e3196d2e74ec08c5ad3ec3715cb23c4d4748cde41f0113
SHOES:HeavyLeather	a7a075363ed3f2b8086abcc0.png	bd211c5bffec9e0c29f3d6349e818b28a97593b2eaf69278a1e4a13f49c9e801
SHOES:HeeledBoots_Popstar	16efd47e34670b5d079946d9.png	2949c3438b4afa15986ecfdb84b3c1039a236d4644a9be8aecd0f6646a8250cf
SHOES:HeeledBoots_Savanna	fb89a08d0ccd1733723b843a.png	f6d5f9a980cfa03c0382ff6af4600397d87c2d620d0021dee7d0bf77a1b07408
SHOES:HiBoots	4a8209d99225fa046df9ec30.png	914f45bae117c1c93eb98b803ef3c09156bd69f89d769ee1b93c0f35620f558d
SHOES:Hope_Of_Gaia_Boots	50c08d517fe6c3fab68be8e5.png	de549cd5e1593e0ba148e10e1d3512c9137951ddf0216464392e55738bf8b3ff
SHOES:Icecream_Shoes	781da308f4ec9f02c6749aca.png	76d1234490d1f38eff691c8bf2dca02bb766c1cd287a63406cfb77e5363ffd85
SHOES:LeatherBoots	998d214bd3aa9e2d6c52b24a.png	0e7e36a35576c3d06babfbbc7cb2cca0734047612d7bbbfcdcf64e763900488e
SHOES:Merchant_Boots	0100d3e90e9c7ade7fb62677.png	926846a2b173d2231a25c709ba332848f825cf567947f9195e5ce6845ba8098a
SHOES:MinerBoots	6d2227282998686722d2c53a.png	5edce0400e55df58aae0f2e500ee511c20f3da9ca430726ba017c3abdfd62a6f
SHOES:SantaBoots	12ef20b4a526358e867a7b93.png	ee1fa1ce164097e2873214f8c896958f0cab37da5f492dc8c94e35e40e7ec403
SHOES:Scavenger_HeeledBoots	612794de4527d5f82eb59c02.png	4b14bb13b6c0fa38873e3bf54ee15e470d967cdbb309c466bfaa9065409bc5fe
SHOES:ScavenverLeatherBoots	511109b725976d8cef73dfc3.png	0a4720f5d126c7aead7133b88f0329dd5a3f4886eee6d5ae910a02a412ac3ddb
SHOES:ShapedSneakers	42fe2c9375bb4eaf04730ea4.png	ea64359152478bdd67b3794e95c3240f9e8d38e8f336a002ce18957fde6e39cb
SHOES:Shoes_Ornated	b58b994b80fc707a38f7fcbc.png	f3dfa39f5b78bf2f9c5a8368f8ad731a8610947873679d95a2e3def1b537979b
SHOES:SlipOns	c4fc536bec5513c633ec6323.png	59f54f27f9584a43149b6e649e44b4eb8182d17e2dfee173251e333f302d05c0
SHOES:Slipons_CoolGaia	dc8d9c5075461f02475c5e4e.png	6c310b72da9e382fe6be37e39fcee8bf2513a043d0950c78173a93b0b2ea6c3c
SHOES:Sneakers_Sneakers	ce60b903fc42053faec04109.png	29dc4ac1746c61681959f7f9776cafb64c9e879aba500affb8327b13842570cf
SHOES:Sneakers_Wasteland_Marauder	84d44d1cb4eaaebab9782fd0.png	87ea455740e65558036e18755dfae5e78277e58827aa27d8e4d87d7b9bf2f41b
SHOES:SnowBoots	d1e3acf6f61e36652334b260.png	5f3de099cf303338a58fb323c2746a571df9ad31d4769bab90eba405e3510dc9
SHOES:ThickSandals	59fb2147733281d23d00dac5.png	b7f35455e371c0016fb2fe9beba7a232202531890aab25b2e3213349519868c8
SHOES:Trainers	1cfe753850b0e7848ef887e9.png	515b803a8d9478c39b850500363b09a2bae5631c6de905ffb436a392acbeecc4
SHOES:Voidbearer_Boots	512a3b59803b867a39032976.png	05508d56341b47b221af6322eb9f4487083326845e41ba1d215953dce9489b3f
SHOES:WedgeShoes	0215c527db8574279d22fc1d.png	ef93d54748de812c94169a56fa59a2fc217755ec321a78ab07606ba836718824
SHOES:Wellies	77a1b34ba8796a3a4f537047.png	aaafb32033d41a34085cd8a970248fa75a4f02379fff064745e9bfa2d4772eef
UNDERTOP:Amazon_Top	875c717a654a440bca05e340.png	6e199180358d184369d09680c741a30d5635b109a037ae1f82d9e9ef402cc2fc
UNDERTOP:Bannerlord_Chainmail	d786bab062f82d6bdb6a1f1a.png	66098645f773e9a11806b2db57b31640a7f7df4f38774d63db75c9dda4aa0d0f
UNDERTOP:Belt_Shirt	412ac85ad455ec3768b09bd7.png	7b66cd682fa7fcf053007e94c12aa41699e8b705e8d9da02e5f683b3223bddc3
UNDERTOP:CatacombCrawler_Undertop	60af19aa3952b4e73a22d008.png	259b7b70dd3e8d676c72461e987b7351ac5ee692df1bae00e2de07d979634fba
UNDERTOP:ColouredSleeves	5bf3b2e3d71d7fed72cf41b4.png	e6260c7454a51a83dcfda8a36de50f91beed4c3c819bf18f23f2fbff1073fb42
UNDERTOP:ColouredStripes	9e5bccac3a4bc515ac61e077.png	65ab584356bffc1f6682c955be77258cb7e559b828bca8a74fc7f63eae443a07
UNDERTOP:CostumeShirt	e9d0c8f50142ba26acfe76d5.png	c2b0455a5ae6f1ae17f232687d97c25cb37dff312c0ec6f8315152ea2e789f43
UNDERTOP:Crinkled_Top	9d6f6d24d0c102f55a69bc70.png	509781bf5b3c617ed9236425f281aa1e5a7e57de4274c8974bbb92cfe0519f4c
UNDERTOP:DipCut	6c18d2ba91c6b566a0645f8b.png	98fc1519403ae7a10d7f942a1f9c99e9ab01273cd7b579bf160170c88931e9db
UNDERTOP:DoubleShirt	bde6f965c11c0233c23771b2.png	c2fed884a12c4b08281c230ac96eab497a73e8fcfafc0bce5ccfd650c2dd9da5
UNDERTOP:FarmerTop	a8104e29c7632e96599fe54d.png	2f7784cc108755730ac769fcd1a46a666e05b22f7265f3cf7ff734061e618355
UNDERTOP:FlowerShirt	2438e1bc4fdae0c2494b3150.png	e83d61de11115ade108d07ff6da1650c6f1ce6bf4a34598ab278e9e28c2d62ff
UNDERTOP:Flowy_Shirt	d4106117cef951d0c6b7ee47.png	cd400518e61a4438091abcef0a10854573b312e24fd83b2e1f03b615a57818d0
UNDERTOP:Forest_Guardian_LongShirt	e86170c0e776ed8514f696f9.png	fd602ebe9472d2d4bf862e2723688cde3b3dbc751133fcccbdfe08f189981844
UNDERTOP:Frilly_Shirt	cdad222edf32b7271b21a90e.png	5d67612e535562987777f50512f8c0daa42d6ed29c3601e720d4bfb53c80c077
UNDERTOP:FrostwardenSet_Top	ad2dbacf4b38cff709b92334.png	33bd049d5db49ecc53549a4e44452c852320d59d8d3b1f068da96298fbb34c0d
UNDERTOP:HeartCamisole	780299a3c1181e46604aafa8.png	fb423c3189dbd01e577752352d3fcbb7d99704fcb8418044ca8328da360ce642
UNDERTOP:LongSleevePeasantTop	bdd9b3523474cd220f97011e.png	02cfc778e0e3d9af9761d1515832607fffddd58d96326f2344ee10538eca6220
UNDERTOP:LongSleeveShirt	d8f38896aac7b3409f8d2a16.png	1e4d9e1e03b77272ba74aac13542948fcc0ae7337dcec73c18878a8245c37264
UNDERTOP:LongSleeveShirt_ButtonUp	b7c86c86065e73dd48cec52b.png	fd62a3495446c25921fdf1d56937f632c3e40393962573a68c0438736c19f286
UNDERTOP:LongSleeveShirt_GoldTrim	21dd39aa2d0e3c0622243921.png	00d5ac39c2dbb763eb4bd249c840b15f979cc6611da7d5ccf3401ed3a85b3de7
UNDERTOP:Mercenary_Top	dd624dbfc87e61d38610bf6d.png	f7299955feeecce6c30497f7c247d7421a6c7c9b139f56de9f6ac61f168c17f5
UNDERTOP:PaintSpillShirt	53a592cdfde090214b8f7e4d.png	075302c844e4ef641844204896972542e2bc6dd444c9e31ee38991e2a6ad11fa
UNDERTOP:PastelFade	d6e9f733c7e12aec0968b972.png	90af6647d62d8dd4b3e89549c6e4d045f37be42c42048e37585e96763e4cc2bf
UNDERTOP:PastelTracksuit	a905ed2309d5dae4ac87b690.png	39e21b35cabdf7dea9bbe8a5923e06bc5af3154343b238c1319ce18f85899770
UNDERTOP:RibbedLongShirt	dd71db3418225737dcf47025.png	89ad64acd6461aec202516e1ca4a00e4727a1f4a5e12d334f1b6a99a3968803c
UNDERTOP:School_Blazer_Shirt	d1701cb106c315fbae1fda6f.png	e97153cbf01cff9f531466997d5ea017addc1e7b07a9fe0d7b752703132ebf37
UNDERTOP:School_Ribbon_Shirt	ed08c0a208727f52ebd8e752.png	8fc43acecb3c10270ac52148c9f962d64f8b0c12fb4e7b06001b9e78bac4ebec
UNDERTOP:School_Shirt	a08a64ffd57e5026f3dcc989.png	0b5fca4a61710c131653049f274291b26f425b36df474df76445d43f757c2487
UNDERTOP:Short_Sleeves_Shirt	201d441d5c77d2571d60bcb0.png	52993b2d445e68c219bfddfbfa5e59cc3eb8d6ec9fbbf1af7d25d5b886b4c237
UNDERTOP:SmartShirt	a12eea502f0da7a7e70b1da7.png	0cf1d0670532ade12ebfd5d71c06e5619a43286c31290c6c8db93c15f9b0da8c
UNDERTOP:SpaghettiStrap	1379adee2fef4ac601881221.png	99754e4a4e99d35de4b6228332d1ba4ae8a67f7c737d0217ce3c685f9a0d3274
UNDERTOP:StripedLong	994590e614ec43ba70f9700e.png	c7baad6e2954be40b5a2f87a66e68979fd527487dbd4928ff3f0d8c68ef25bca
UNDERTOP:Stylish_Belt_Shirt	d981c04200a02abc1ff40ddb.png	e1f9d81c06f7d87f4fd74eb51954889d0029b8cb9df3ca81b454ffb26f795f91
UNDERTOP:SurvivorShirtBoy	68d2c8a1996444cd3fdcb557.png	21ead1b157ae77e525cf3cea2d6a295968caa6f9a192305c5c967d6cd4a010ac
UNDERTOP:TieShirt	5c0af411bb5c1b2474d9ab98.png	927bdbd79659e4f5d6362cc8e416858291aaa108e21d8e7fa1448dc3dedc1598
UNDERTOP:Top_Wasteland_Marauder	a027b1503c520620497b2612.png	ad989bf0ce1996b6eadaa69e80f32f49bfc251db929311cc100dff6cd9b53bb9
UNDERTOP:Tshirt_Logo	9ace1904424e77f76c9da6da.png	6dca65f7442da850321cf8b348305af4e85766f48ed85ed39144ce08cd919071
UNDERTOP:Undertops_Tubetop	5b6128b837b4545fe984337e.png	59d2a486dec4a2e8bd14429361c4d5f4c01ea124f320ffe464e431e3792cef00
UNDERTOP:VNeck_Shirt	6bcf8169ee43e1ce2ca04629.png	762bed9d69993a9e08c9e26904c63b363f5a19a6f1be00dd3a87249491c52b0d
UNDERTOP:VikingShirt	008736e162f34c9cce1585e4.png	21f97cf474cf5f26645be6df502d8b7c1dcf5d15000c19e14bd1a7fa62cf092f
UNDERTOP:Voidbearer_CursedArm	84a3934a194a7a9ef5ae26f6.png	61ce8eb8741e2ddcc6c34208e7cedc2450c1a70f265a24f12479141f8cebe05b
UNDERTOP:Wide_Neck_Shirt	60b0c4d3c2530c003491c6f0.png	2e23b15a682e09de7b8842fc8afad76c83c1265f2dce4437d95715153f1700e9
UNDERWEAR:Bandeau	1839d3173342b269b67dbeea.png	e74e6458bb2846cb412bd60b7d42f2163c54adf64f06f14a8ddf82fe0e717eb0
UNDERWEAR:Boxer	1bc9ed0004b52101843d3b0c.png	e74e6458bb2846cb412bd60b7d42f2163c54adf64f06f14a8ddf82fe0e717eb0
UNDERWEAR:Bra	8126127f6ea418ad5d6cf55a.png	e74e6458bb2846cb412bd60b7d42f2163c54adf64f06f14a8ddf82fe0e717eb0
UNDERWEAR:Suit	2846607d0f3b1d7928ca67fe.png	7e4ece089a1a329fa1a9b75fde65568bdb713544f7d3e4cb0cd827e1fd410c6f
